task_label,task_category,seed,benchmark,mode,variant,parameter_count,trainable_parameter_count,metric_name,metric_value,train_initial_loss,train_final_loss,average_train_step_time_seconds,average_eval_step_time_seconds,lm_loss,answer_loss,sufficiency_loss,tokens_per_second,decode_tokens_per_second,peak_memory_bytes,throughput_per_memory,bank_read_slots,segment_count,block_size,refresh_slots,refresh_enabled,detail_enabled,detail_slots,detail_topk,segment_length,refresh_count,bank_size,upper_layer_only_refresh
delayed_kv_ctx8,refresh_friendly,11,delayed_kv,easy,transformer_local,208256,208256,accuracy,0.15625000465661287,5.3493499755859375,2.2058022022247314,0.009812226464273408,0.0024527223577024415,0.5241333395242691,2.0757296681404114,0.0,626049.1798001204,18717.157698429393,32531456.0,0.019244425450865785,0.0,8.0,8,2,False,False,4,2,8,2,4,True
delayed_kv_ctx8,refresh_friendly,17,delayed_kv,easy,transformer_local,208256,208256,accuracy,0.1406250037252903,5.396211624145508,2.1586358547210693,0.005650117365876213,0.002443534991471097,0.508326955139637,2.0654518604278564,0.0,628410.9563349854,22943.387762120128,32531456.0,0.01931702523044113,0.0,8.0,8,2,False,False,4,2,8,2,4,True
delayed_kv_ctx8,refresh_friendly,23,delayed_kv,easy,transformer_local,208256,208256,accuracy,0.17187500465661287,5.414933204650879,2.2034382820129395,0.005638579138321802,0.0024547311040805653,0.5224843770265579,2.068669393658638,0.0,625572.4442146078,22701.602713641812,32531456.0,0.019229770847471683,0.0,8.0,8,2,False,False,4,2,8,2,4,True
delayed_kv_ctx8,refresh_friendly,11,delayed_kv,easy,transformer_full,208256,208256,accuracy,0.13541666883975267,5.943066596984863,2.2237820625305176,0.00558367574471049,0.002370506859733723,1.2364864945411682,2.5255093574523926,0.0,647783.3181977405,24703.481102160385,32531456.0,0.019912521536009347,0.0,8.0,8,2,False,False,4,2,8,2,4,True
delayed_kv_ctx8,refresh_friendly,17,delayed_kv,easy,transformer_full,208256,208256,accuracy,0.140625003259629,5.186506271362305,2.2078707218170166,0.0055709925794508305,0.002370687259826809,0.5847785472869873,2.090681493282318,0.0,647730.9734413595,24624.502762215147,32531456.0,0.019910912485483573,0.0,8.0,8,2,False,False,4,2,8,2,4,True
delayed_kv_ctx8,refresh_friendly,23,delayed_kv,easy,transformer_full,208256,208256,accuracy,0.11979166977107525,5.275001049041748,2.247292995452881,0.005581296043237672,0.0023729425884084776,0.5668688639998436,2.0997319519519806,0.0,647115.167076439,24671.405067082775,32531456.0,0.01989198291882291,0.0,8.0,8,2,False,False,4,2,8,2,4,True
delayed_kv_ctx8,refresh_friendly,11,delayed_kv,easy,summary_memory,216640,216640,accuracy,0.11458333488553762,4.965334892272949,2.193462610244751,0.02450362017378211,0.00922896915290039,0.6171244457364082,2.1467393338680267,0.0,166419.76609638953,4784.256941245949,25193984.0,0.00660553591271589,56.0,8.0,8,2,False,False,4,2,8,2,4,True
delayed_kv_ctx8,refresh_friendly,17,delayed_kv,easy,summary_memory,216640,216640,accuracy,0.13541667070239782,5.363986968994141,2.138197898864746,0.024345815695123747,0.00924771923746448,0.564171552658081,2.0405416786670685,0.0,166082.7953826985,4992.385566209875,25193984.0,0.0065921608659709596,56.0,8.0,8,2,False,False,4,2,8,2,4,True
delayed_kv_ctx8,refresh_friendly,23,delayed_kv,easy,summary_memory,216640,216640,accuracy,0.0885416679084301,5.730595111846924,2.1881251335144043,0.02437498828396201,0.009236727259121835,0.5524521619081497,2.0726069808006287,0.0,166280.7823471804,5034.025844557299,25193984.0,0.006600019367606981,56.0,8.0,8,2,False,False,4,2,8,2,4,True
delayed_kv_ctx8,refresh_friendly,11,delayed_kv,easy,local_only,191680,191680,accuracy,0.17187500465661287,5.182620525360107,2.1682722568511963,0.013407183767994865,0.005416531261289492,0.7840885296463966,2.1003343164920807,0.0,283541.88819551625,9431.34841073524,23779840.0,0.01192362472562962,0.0,8.0,8,2,False,False,4,2,8,2,4,True
delayed_kv_ctx8,refresh_friendly,17,delayed_kv,easy,local_only,191680,191680,accuracy,0.1354166716337204,5.44309139251709,2.1301894187927246,0.013448146998416632,0.005406736992881633,0.5645215064287186,2.0358625650405884,0.0,284054.4287721488,9484.223787613599,23779840.0,0.011945178301121824,0.0,8.0,8,2,False,False,4,2,8,2,4,True
delayed_kv_ctx8,refresh_friendly,23,delayed_kv,easy,local_only,191680,191680,accuracy,0.11458333535119891,5.7606916427612305,2.211034059524536,0.01354097407311201,0.005400762995122932,0.5947969630360603,2.087398022413254,0.0,284367.72444968385,9439.153178806468,23779840.0,0.011958353144919555,0.0,8.0,8,2,False,False,4,2,8,2,4,True
delayed_kv_ctx8,refresh_friendly,11,delayed_kv,easy,refresh_with_sufficiency,191680,191680,accuracy,0.09895833628252149,5.791534900665283,2.19357967376709,0.0217506208922714,0.008420416634180583,0.5616528391838074,2.063325196504593,0.028559765312820673,182397.2523046141,5598.392351064888,25391616.0,0.0071833652613765946,14.0,8.0,8,2,True,False,4,2,8,2,4,True
delayed_kv_ctx8,refresh_friendly,17,delayed_kv,easy,refresh_with_sufficiency,191680,191680,accuracy,0.1354166716337204,5.736464500427246,2.1490979194641113,0.021322078921366484,0.00847270638041664,0.5810546725988388,2.0423877239227295,0.04350379062816501,181273.18754197325,5575.967241538048,25391616.0,0.00713909613086356,14.0,8.0,8,2,True,False,4,2,8,2,4,True
delayed_kv_ctx8,refresh_friendly,23,delayed_kv,easy,refresh_with_sufficiency,191680,191680,accuracy,0.15625000465661287,5.684392929077148,2.195380449295044,0.02136438198853284,0.008480771226459183,0.5655789747834206,2.0771484673023224,0.03576158918440342,181101.7763109598,5572.917959135192,25391616.0,0.0071323454289384264,14.0,8.0,8,2,True,False,4,2,8,2,4,True
delayed_kv_ctx8,refresh_friendly,11,delayed_kv,easy,refresh_with_detail,208450,208450,accuracy,0.4947916865348816,5.636139869689941,1.4909638166427612,0.02930649326881394,0.01146235859778244,0.6281617358326912,1.3901819288730621,0.04758201586082578,133996.10517700991,3922.676825822461,26713088.0,0.005016121879170611,14.0,8.0,8,2,True,True,4,2,8,2,4,True
delayed_kv_ctx8,refresh_friendly,17,delayed_kv,easy,refresh_with_detail,208450,208450,accuracy,0.3072916753590107,5.249892711639404,1.5742509365081787,0.02805462697171606,0.011484870628919452,0.6331371292471886,1.5695803761482239,0.062076238449662924,133733.40744639304,3916.571122412606,26713088.0,0.005006287833379392,14.0,8.0,8,2,True,True,4,2,8,2,4,True
delayed_kv_ctx8,refresh_friendly,23,delayed_kv,easy,refresh_with_detail,208450,208450,accuracy,0.5312500186264515,5.241143703460693,1.3996686935424805,0.028077518814243377,0.011476497355033644,0.622829332947731,1.3591694831848145,0.0791151262819767,133830.94304230413,3925.505057182359,26713088.0,0.005009939062166985,14.0,8.0,8,2,True,True,4,2,8,2,4,True
needle_ctx8,refresh_hostile,11,needle,easy,transformer_local,208256,208256,accuracy,0.23958333767950535,5.178739070892334,2.3438615798950195,0.006130309015279636,0.0029277233697939664,1.0616540908813477,1.9015205204486847,0.0,524517.165228062,20010.322653185543,32531456.0,0.016123384247789647,0.0,8.0,8,2,False,False,4,2,8,2,4,True
needle_ctx8,refresh_hostile,17,needle,easy,transformer_local,208256,208256,accuracy,0.24479168094694614,5.669121265411377,2.00923752784729,0.006133817823138088,0.002926421395386569,1.083670288324356,1.9600420147180557,0.0,524756.3920401454,23160.792601252284,32531456.0,0.016130737955293035,0.0,8.0,8,2,False,False,4,2,8,2,4,True
needle_ctx8,refresh_hostile,23,needle,easy,transformer_local,208256,208256,accuracy,0.1927083395421505,5.473361492156982,2.2074434757232666,0.006144193322397768,0.002933955387561582,1.0406576991081238,2.06823006272316,0.0,523407.6032654374,23204.526020985533,32531456.0,0.016089276891432015,0.0,8.0,8,2,False,False,4,2,8,2,4,True
needle_ctx8,refresh_hostile,11,needle,easy,transformer_full,208256,208256,accuracy,0.1197916679084301,5.511004447937012,2.455583095550537,0.005895779993152246,0.0028396648849593475,1.3292641192674637,2.099731594324112,0.0,540787.9941790284,24952.04419363108,32531456.0,0.01662354104836342,0.0,8.0,8,2,False,False,4,2,8,2,4,True
needle_ctx8,refresh_hostile,17,needle,easy,transformer_full,208256,208256,accuracy,0.16666667256504297,5.377616882324219,2.423013687133789,0.005407930258661509,0.0028481620247475803,1.3248266875743866,2.0983957946300507,0.0,539169.3032475903,24993.69942156167,32531456.0,0.016573783332894484,0.0,8.0,8,2,False,False,4,2,8,2,4,True
needle_ctx8,refresh_hostile,23,needle,easy,transformer_full,208256,208256,accuracy,0.1302083353511989,5.287070274353027,2.4072892665863037,0.005413056645775214,0.002848065225407481,1.3165635168552399,2.094376802444458,0.0,539188.0400216611,24960.352039533933,32531456.0,0.016574359291562635,0.0,8.0,8,2,False,False,4,2,8,2,4,True
needle_ctx8,refresh_hostile,11,needle,easy,summary_memory,216640,216640,accuracy,0.1822916711680591,5.511376857757568,2.4294421672821045,0.024086037119850516,0.009752206649864092,1.1630156189203262,2.093195468187332,0.0,157491.62602206474,3077.604490148075,25193984.0,0.006251160039716813,56.0,8.0,8,2,False,False,4,2,8,2,4,True
needle_ctx8,refresh_hostile,17,needle,easy,summary_memory,216640,216640,accuracy,0.15625000558793545,5.204747676849365,2.3890347480773926,0.024195710438070818,0.009709733494673856,1.3276409804821014,2.146565228700638,0.0,158180.22912014622,3086.2165654594196,25193984.0,0.0062784920844653315,56.0,8.0,8,2,False,False,4,2,8,2,4,True
needle_ctx8,refresh_hostile,23,needle,easy,summary_memory,216640,216640,accuracy,0.1302083353511989,5.8001813888549805,2.3535008430480957,0.02480543889570981,0.009711955368402414,1.038488820195198,2.1027068197727203,0.0,158143.78120831895,3091.8328470688284,25193984.0,0.0062770453933891105,56.0,8.0,8,2,False,False,4,2,8,2,4,True
needle_ctx8,refresh_hostile,11,needle,easy,local_only,191680,191680,accuracy,0.1197916679084301,5.645425796508789,2.4577713012695312,0.013372995366808027,0.005887669249204919,1.2535280734300613,2.1093023121356964,0.0,260855.0448563175,6024.922144852377,23779840.0,0.010969587888577782,0.0,8.0,8,2,False,False,4,2,8,2,4,True
needle_ctx8,refresh_hostile,17,needle,easy,local_only,191680,191680,accuracy,0.15625000558793545,5.289948463439941,2.400235891342163,0.013560699109220878,0.005899434763705358,1.3477882891893387,2.124425321817398,0.0,260333.1366332544,6053.772634002552,23779840.0,0.010947640380812251,0.0,8.0,8,2,False,False,4,2,8,2,4,True
needle_ctx8,refresh_hostile,23,needle,easy,local_only,191680,191680,accuracy,0.1302083353511989,5.044015884399414,2.4148318767547607,0.013940694933990017,0.005897651877603494,1.2478044778108597,2.1066943407058716,0.0,260413.61517178072,6016.2498408597,23779840.0,0.010951024698727187,0.0,8.0,8,2,False,False,4,2,8,2,4,True
needle_ctx8,refresh_hostile,11,needle,easy,refresh_with_sufficiency,191680,191680,accuracy,0.7343750223517418,5.549585819244385,1.5206246376037598,0.02190529485116713,0.008931374250096269,1.4431344866752625,1.001904934644699,0.1105510862544179,171964.8004889254,3446.8371760805667,25391616.0,0.006772503195106818,14.0,8.0,8,2,True,False,4,2,8,2,4,True
needle_ctx8,refresh_hostile,17,needle,easy,refresh_with_sufficiency,191680,191680,accuracy,0.8020833507180214,5.644354820251465,1.5815333127975464,0.021911353691248223,0.008942168249632232,1.3987071961164474,1.2046936005353928,0.1271530957892537,171757.48178560557,3431.1766515372083,25391616.0,0.006764338346389831,14.0,8.0,8,2,True,False,4,2,8,2,4,True
needle_ctx8,refresh_hostile,23,needle,easy,refresh_with_sufficiency,191680,191680,accuracy,0.6510416865348816,5.556132793426514,1.5956487655639648,0.021960921856807546,0.008941989130107686,1.386480137705803,1.263951063156128,0.11651342269033194,171760.9941596949,3435.324789436449,25391616.0,0.006764476674493459,14.0,8.0,8,2,True,False,4,2,8,2,4,True
needle_ctx8,refresh_hostile,11,needle,easy,refresh_with_detail,208450,208450,accuracy,1.0,5.397552013397217,0.41960006952285767,0.02864917694707401,0.011980043273069896,1.305235594511032,0.07242961507290602,0.09684732556343079,128205.73284335824,2393.643891347803,26713088.0,0.004799360255293519,14.0,8.0,8,2,True,True,4,2,8,2,4,True
needle_ctx8,refresh_hostile,17,needle,easy,refresh_with_detail,208450,208450,accuracy,0.864583358168602,5.404498100280762,0.9066176414489746,0.028693017539335414,0.011981330637354404,1.389610305428505,0.5801426507532597,0.10165137611329556,128192.6000024127,2394.323317778785,26713088.0,0.004798868629580103,14.0,8.0,8,2,True,True,4,2,8,2,4,True
needle_ctx8,refresh_hostile,23,needle,easy,refresh_with_detail,208450,208450,accuracy,0.9531250223517418,5.611502170562744,1.0908225774765015,0.027882798577193172,0.011945207908865996,1.29073166847229,0.7317933291196823,0.10704649891704321,128580.09170331346,2400.366790015907,26713088.0,0.004813374316863459,14.0,8.0,8,2,True,True,4,2,8,2,4,True
delayed_copy_ctx12,refresh_hostile,11,delayed_copy,easy,transformer_local,208256,208256,exact_match,0.0,5.3774094581604,2.1045706272125244,0.007119705078657716,0.004321199608966708,0.27283869311213493,2.047257050871849,0.0,533104.003076676,21359.87658588742,40433664.0,0.013184657296372549,0.0,12.0,8,2,False,False,4,2,8,2,4,True
delayed_copy_ctx12,refresh_hostile,17,delayed_copy,easy,transformer_local,208256,208256,exact_match,0.0,5.0335001945495605,2.096121311187744,0.007104577386053279,0.0043254350166535005,0.2879210598766804,2.0475038588047028,0.0,532581.4472943678,23427.997739609807,40433664.0,0.013171733516269211,0.0,12.0,8,2,False,False,4,2,8,2,4,True
delayed_copy_ctx12,refresh_hostile,23,delayed_copy,easy,transformer_local,208256,208256,exact_match,0.0,5.0858564376831055,2.0999979972839355,0.007107755038887263,0.004319924613810144,0.3026967868208885,2.0451231002807617,0.0,533258.9932901075,23573.624060038033,40433664.0,0.013188490493716015,0.0,12.0,8,2,False,False,4,2,8,2,4,True
delayed_copy_ctx12,refresh_hostile,11,delayed_copy,easy,transformer_full,208256,208256,exact_match,0.4218750111758709,5.467220306396484,0.7754789590835571,0.007033750149421394,0.004244355135597289,0.3318282961845398,0.7283753305673599,0.0,542754.5199206899,25515.674041465514,40433664.0,0.013423332595351485,0.0,12.0,8,2,False,False,4,2,8,2,4,True
delayed_copy_ctx12,refresh_hostile,17,delayed_copy,easy,transformer_full,208256,208256,exact_match,0.18750000558793545,5.426852226257324,1.011458396911621,0.007036125854356214,0.004242334369337186,0.2927410192787647,0.9357169643044472,0.0,543007.4921220762,25386.24094602641,40433664.0,0.01342958907018855,0.0,12.0,8,2,False,False,4,2,8,2,4,True
delayed_copy_ctx12,refresh_hostile,23,delayed_copy,easy,transformer_full,208256,208256,exact_match,0.447916679084301,5.714118480682373,0.698181688785553,0.0070510832569561895,0.004258346278220415,0.29603245854377747,0.6566892713308334,0.0,540968.5037148533,25541.706756524207,40433664.0,0.013379161080105263,0.0,12.0,8,2,False,False,4,2,8,2,4,True
delayed_copy_ctx12,refresh_hostile,11,delayed_copy,easy,summary_memory,216640,216640,exact_match,0.0052083334885537624,5.638534069061279,2.1185154914855957,0.03664381207083352,0.015133054621401243,0.44622376933693886,2.1231985092163086,0.0,152242.75833012536,3065.718923422033,26996224.0,0.005639409360735982,88.0,12.0,8,2,False,False,4,2,8,2,4,True
delayed_copy_ctx12,refresh_hostile,17,delayed_copy,easy,summary_memory,216640,216640,exact_match,0.0,5.186359405517578,2.0843679904937744,0.03710980426869355,0.015049929992528632,0.3565964102745056,2.0927672386169434,0.0,153083.4975797631,3107.1471158649856,26996224.0,0.0056705522068480054,88.0,12.0,8,2,False,False,4,2,8,2,4,True
delayed_copy_ctx12,refresh_hostile,23,delayed_copy,easy,summary_memory,216640,216640,exact_match,0.0,5.460249423980713,2.1032137870788574,0.037151499242754654,0.015029912363388576,0.2968142069876194,2.0524642169475555,0.0,153287.69165234748,3109.7179820298684,26996224.0,0.005678116008088667,88.0,12.0,8,2,False,False,4,2,8,2,4,True
delayed_copy_ctx12,refresh_hostile,11,delayed_copy,easy,local_only,191680,191680,exact_match,0.0,5.282559871673584,2.115678548812866,0.020899113793857397,0.009201156630297191,0.32588017359375954,2.046279340982437,0.0,250385.21242380675,6083.728817316592,25582080.0,0.009787523626843741,0.0,12.0,8,2,False,False,4,2,8,2,4,True
delayed_copy_ctx12,refresh_hostile,17,delayed_copy,easy,local_only,191680,191680,exact_match,0.0052083334885537624,5.532138824462891,2.0925159454345703,0.02087207985809073,0.009199103762512095,0.3151257410645485,2.0553327798843384,0.0,250439.78133770952,6112.634455647314,25582080.0,0.009789656718207022,0.0,12.0,8,2,False,False,4,2,8,2,4,True
delayed_copy_ctx12,refresh_hostile,23,delayed_copy,easy,local_only,191680,191680,exact_match,0.0,5.315062522888184,2.1163246631622314,0.02082877104752697,0.009189285134198144,0.34046807140111923,2.0525971055030823,0.0,250708.57962364418,6092.0472383114675,25582080.0,0.009800164006353048,0.0,12.0,8,2,False,False,4,2,8,2,4,True
delayed_copy_ctx12,refresh_hostile,11,delayed_copy,easy,refresh_with_sufficiency,191680,191680,exact_match,0.0,5.5879082679748535,2.116694688796997,0.033221075352048504,0.013925398394349031,0.3208754397928715,2.0450011491775513,0.034844725858420134,165444.8932724105,3455.822410411237,27515392.0,0.006012812511354027,22.0,12.0,8,2,True,False,4,2,8,2,4,True
delayed_copy_ctx12,refresh_hostile,17,delayed_copy,easy,refresh_with_sufficiency,191680,191680,exact_match,0.010416666977107525,6.060678958892822,2.1047542095184326,0.03304931437363848,0.013902452745242044,0.32170940935611725,2.0424108803272247,0.039350503124296665,165717.98557590324,3459.625508931384,27515392.0,0.006022737585417763,22.0,12.0,8,2,True,False,4,2,8,2,4,True
delayed_copy_ctx12,refresh_hostile,23,delayed_copy,easy,refresh_with_sufficiency,191680,191680,exact_match,0.0,5.389919757843018,2.1009910106658936,0.03299677251372486,0.0138994795124745,0.32171813771128654,2.0431065261363983,0.03561455849558115,165753.4161932495,3459.9852889309996,27515392.0,0.0060240252507850695,22.0,12.0,8,2,True,False,4,2,8,2,4,True
delayed_copy_ctx12,refresh_hostile,11,delayed_copy,easy,refresh_with_detail,208450,208450,exact_match,0.02083333395421505,5.538392543792725,1.786649227142334,0.043920822940999645,0.01857589189603459,0.3355693146586418,1.6752779930830002,0.05696570547297597,124027.1803369196,2405.177543509786,29328384.0,0.004228912862601622,22.0,12.0,8,2,True,True,4,2,8,2,4,True
delayed_copy_ctx12,refresh_hostile,17,delayed_copy,easy,refresh_with_detail,208450,208450,exact_match,0.08333333628252149,5.63751220703125,1.390116810798645,0.04367807854665443,0.01854652923066169,0.2901707924902439,1.301914557814598,0.04420801857486367,124223.55647330414,2403.128947698664,29328384.0,0.0042356086333738725,22.0,12.0,8,2,True,True,4,2,8,2,4,True
delayed_copy_ctx12,refresh_hostile,23,delayed_copy,easy,refresh_with_detail,208450,208450,exact_match,0.0,5.57562780380249,1.8187319040298462,0.04371989293838851,0.018532440240960568,0.30867189168930054,1.732693150639534,0.047213307581841946,124318.05152530967,2413.169146933997,29328384.0,0.004238830599234846,22.0,12.0,8,2,True,True,4,2,8,2,4,True
delayed_kv_length_scaling,refresh_friendly,11,delayed_kv,easy,transformer_local,208256,208256,accuracy,0.16145833861082792,5.481198787689209,2.255997657775879,0.005598956263856963,0.0024306422419613227,0.947744183242321,2.0685664415359497,0.0,315878.33015183767,20235.13315508037,26206208.0,0.012053568763242574,0.0,4.0,8,2,False,False,4,2,8,2,4,True
delayed_kv_length_scaling,refresh_friendly,11,delayed_kv,easy,transformer_local,208256,208256,accuracy,0.13020833674818277,5.212630271911621,2.19417142868042,0.005662398936692625,0.002450349973514676,0.5046380013227463,2.0666633248329163,0.0,626675.893025647,22834.26492822481,32531456.0,0.01926369028873614,0.0,8.0,8,2,False,False,4,2,8,2,4,True
delayed_kv_length_scaling,refresh_friendly,11,delayed_kv,easy,transformer_local,208256,208256,accuracy,0.1510416711680591,5.324642181396484,2.120558261871338,0.005740891828900203,0.0025013571430463344,0.3661920055747032,2.0677327811717987,0.0,920853.7374504209,22869.12155969129,40431616.0,0.02277558575572198,0.0,12.0,8,2,False,False,4,2,8,2,4,True
delayed_kv_length_scaling,refresh_friendly,11,delayed_kv,easy,transformer_local,208256,208256,accuracy,0.17187500838190317,5.567996025085449,2.119994878768921,0.00577378103742376,0.0024983995099319145,0.29554253816604614,2.059370219707489,0.0,1229258.2695413148,22679.465753261902,50562048.0,0.024311876558902733,0.0,16.0,8,2,False,False,4,2,8,2,4,True
delayed_kv_length_scaling,refresh_friendly,17,delayed_kv,easy,transformer_local,208256,208256,accuracy,0.13541667070239782,5.073357582092285,2.244288682937622,0.0055938336183317,0.0024239872727775946,0.8801548928022385,2.0615783631801605,0.0,316741.8809644434,23026.0871837114,26206208.0,0.012086520910024197,0.0,4.0,8,2,False,False,4,2,8,2,4,True
delayed_kv_length_scaling,refresh_friendly,17,delayed_kv,easy,transformer_local,208256,208256,accuracy,0.14583333441987634,5.420180797576904,2.1275558471679688,0.00565776145667769,0.002455793000990525,0.5272399857640266,2.0622689723968506,0.0,625288.6507050559,22873.06706998839,32531456.0,0.019221047182919077,0.0,8.0,8,2,False,False,4,2,8,2,4,True
delayed_kv_length_scaling,refresh_friendly,17,delayed_kv,easy,transformer_local,208256,208256,accuracy,0.13541666883975267,5.192142963409424,2.1158080101013184,0.005750835568178445,0.00250294225406833,0.36939220502972603,2.072320371866226,0.0,920279.3079293795,22963.188357387724,40431616.0,0.022761378321593168,0.0,12.0,8,2,False,False,4,2,8,2,4,True
delayed_kv_length_scaling,refresh_friendly,17,delayed_kv,easy,transformer_local,208256,208256,accuracy,0.11458333441987634,5.822829246520996,2.0889689922332764,0.005788345281034708,0.0025142189988400787,0.3555138297379017,2.1158805191516876,0.0,1221533.6456647988,22822.518058056387,50562048.0,0.02415910142059117,0.0,16.0,8,2,False,False,4,2,8,2,4,True
delayed_kv_length_scaling,refresh_friendly,23,delayed_kv,easy,transformer_local,208256,208256,accuracy,0.1354166711680591,4.853913307189941,2.2780566215515137,0.005631843494484201,0.002423528872895986,0.9010406211018562,2.085615426301956,0.0,316801.46023212187,22910.030572277275,26206208.0,0.012088794389181444,0.0,4.0,8,2,False,False,4,2,8,2,4,True
delayed_kv_length_scaling,refresh_friendly,23,delayed_kv,easy,transformer_local,208256,208256,accuracy,0.11458333628252149,5.3381266593933105,2.1935794353485107,0.005691604682942853,0.002451338659739122,0.5307422429323196,2.0646860599517822,0.0,626430.6924724595,22710.00277796474,32531456.0,0.019256152951545098,0.0,8.0,8,2,False,False,4,2,8,2,4,True
delayed_kv_length_scaling,refresh_friendly,23,delayed_kv,easy,transformer_local,208256,208256,accuracy,0.09375000325962901,5.30988883972168,2.1273038387298584,0.0057675018871668725,0.0025021136389113963,0.37341540306806564,2.0835832059383392,0.0,920572.1762324718,22912.65574973001,40431616.0,0.02276862186840298,0.0,12.0,8,2,False,False,4,2,8,2,4,True
delayed_kv_length_scaling,refresh_friendly,23,delayed_kv,easy,transformer_local,208256,208256,accuracy,0.09375000139698386,5.371428489685059,2.1471498012542725,0.005788008245872334,0.0025142013910226524,0.2909776344895363,2.073365092277527,0.0,1221526.3583775915,22886.61140888948,50562048.0,0.024158957294957505,0.0,16.0,8,2,False,False,4,2,8,2,4,True
delayed_kv_length_scaling,refresh_friendly,11,delayed_kv,easy,transformer_full,208256,208256,accuracy,0.08854166977107525,5.645608901977539,2.3512227535247803,0.005519250645302236,0.002338543243240565,1.0442391335964203,2.1014719009399414,0.0,328315.17986934143,24970.531400355303,26206208.0,0.012528145234493348,0.0,4.0,8,2,False,False,4,2,8,2,4,True
delayed_kv_length_scaling,refresh_friendly,11,delayed_kv,easy,transformer_full,208256,208256,accuracy,0.08854166977107525,5.682348728179932,2.2381014823913574,0.005612001233967021,0.0023774948640493676,0.6093901693820953,2.116253048181534,0.0,645876.5002279684,24718.770906590846,32531456.0,0.019853906945571955,0.0,8.0,8,2,False,False,4,2,8,2,4,True
delayed_kv_length_scaling,refresh_friendly,11,delayed_kv,easy,transformer_full,208256,208256,accuracy,0.08854166977107525,5.56173038482666,2.1910290718078613,0.005693859325256199,0.002416773611912504,0.41819022968411446,2.106347680091858,0.0,953069.9425341164,24583.08895828606,40431616.0,0.023572393013777053,0.0,12.0,8,2,False,False,4,2,8,2,4,True
delayed_kv_length_scaling,refresh_friendly,11,delayed_kv,easy,transformer_full,208256,208256,accuracy,0.13541666883975267,5.092558860778809,2.165501356124878,0.005711260848911479,0.0024440346169285476,0.7321716248989105,2.4780335426330566,0.0,1256593.4612544535,24608.82405523706,50562048.0,0.024852503230376535,0.0,16.0,8,2,False,False,4,2,8,2,4,True
delayed_kv_length_scaling,refresh_friendly,17,delayed_kv,easy,transformer_full,208256,208256,accuracy,0.1302083358168602,5.842245101928711,2.322403907775879,0.005493846709141508,0.0023440408695023507,1.0484311133623123,2.091011554002762,0.0,327547.11242555286,24978.35219744777,26206208.0,0.01249883662777739,0.0,4.0,8,2,False,False,4,2,8,2,4,True
delayed_kv_length_scaling,refresh_friendly,17,delayed_kv,easy,transformer_full,208256,208256,accuracy,0.1302083358168602,4.871980667114258,2.2130379676818848,0.0055858231463935225,0.0023824606323614717,0.5894081071019173,2.092001974582672,0.0,644513.7808029321,24553.08193879357,32531456.0,0.019812017660781372,0.0,8.0,8,2,False,False,4,2,8,2,4,True
delayed_kv_length_scaling,refresh_friendly,17,delayed_kv,easy,transformer_full,208256,208256,accuracy,0.1302083358168602,5.435670852661133,2.181602954864502,0.005694279927993194,0.0024145457427948713,0.40679535642266273,2.098299890756607,0.0,953956.5412328063,24726.18269233191,40431616.0,0.02359432136555725,0.0,12.0,8,2,False,False,4,2,8,2,4,True
delayed_kv_length_scaling,refresh_friendly,17,delayed_kv,easy,transformer_full,208256,208256,accuracy,0.1302083358168602,5.417082786560059,2.1532301902770996,0.005698172301054001,0.0024419909896096215,0.3215249925851822,2.093504160642624,0.0,1257661.6351498698,24527.93889955378,50562048.0,0.024873629231748483,0.0,16.0,8,2,False,False,4,2,8,2,4,True
delayed_kv_length_scaling,refresh_friendly,23,delayed_kv,easy,transformer_full,208256,208256,accuracy,0.11979166977107525,5.402942180633545,2.3744146823883057,0.0055234038061462345,0.002340313483728096,1.094192773103714,2.114051252603531,0.0,328067.55622066814,24696.846205496433,26206208.0,0.012518696189111684,0.0,4.0,8,2,False,False,4,2,8,2,4,True
delayed_kv_length_scaling,refresh_friendly,23,delayed_kv,easy,transformer_full,208256,208256,accuracy,0.11979166977107525,5.2189202308654785,2.2534780502319336,0.005591044318862259,0.002373011637246236,0.5939789563417435,2.104747951030731,0.0,647100.1711316139,24845.92962315153,32531456.0,0.019891521951295812,0.0,8.0,8,2,False,False,4,2,8,2,4,True
delayed_kv_length_scaling,refresh_friendly,23,delayed_kv,easy,transformer_full,208256,208256,accuracy,0.11979166977107525,5.713302135467529,2.217953681945801,0.005655501428991556,0.0024154474813258275,0.4413659982383251,2.1176069378852844,0.0,953597.5824125143,24872.01422358031,40431616.0,0.023585443194071548,0.0,12.0,8,2,False,False,4,2,8,2,4,True
delayed_kv_length_scaling,refresh_friendly,23,delayed_kv,easy,transformer_full,208256,208256,accuracy,0.10416666930541396,5.471817970275879,2.189692974090576,0.005693882866762578,0.0024439909029752016,0.329511109739542,2.1091986894607544,0.0,1256619.289448499,24415.454120482704,50562048.0,0.024853014052130543,0.0,16.0,8,2,False,False,4,2,8,2,4,True
delayed_kv_length_scaling,refresh_friendly,11,delayed_kv,easy,summary_memory,216640,216640,accuracy,0.16666667349636555,6.030542850494385,2.2832343578338623,0.013444743357831612,0.005236290380707942,0.9438445717096329,2.0585758686065674,0.0,146648.9391601066,6292.579784695436,23578624.0,0.006219571556003717,24.0,4.0,8,2,False,False,4,2,8,2,4,True
delayed_kv_length_scaling,refresh_friendly,11,delayed_kv,easy,summary_memory,216640,216640,accuracy,0.18229166883975267,5.113553524017334,2.1586227416992188,0.024321583774872126,0.009265415239497088,0.5376904308795929,2.0500693321228027,0.0,165765.8386683102,4988.882016760748,25193984.0,0.006579580215193842,56.0,8.0,8,2,False,False,4,2,8,2,4,True
delayed_kv_length_scaling,refresh_friendly,11,delayed_kv,easy,summary_memory,216640,216640,accuracy,0.15625000232830644,5.470005989074707,2.1712698936462402,0.035292450748384,0.013252974007627927,0.4535941295325756,2.059145286679268,0.0,173830.0351896415,4978.7315596555645,26994176.0,0.006439538483769295,88.0,12.0,8,2,False,False,4,2,8,2,4,True
delayed_kv_length_scaling,refresh_friendly,11,delayed_kv,easy,summary_memory,216640,216640,accuracy,0.2135416748933494,5.281765460968018,2.112114191055298,0.046181516455253584,0.01728646676929202,0.35372817888855934,2.067943751811981,0.0,177704.31663205207,5003.198984946678,28794368.0,0.006171495642205173,120.0,16.0,8,2,False,False,4,2,8,2,4,True
delayed_kv_length_scaling,refresh_friendly,17,delayed_kv,easy,summary_memory,216640,216640,accuracy,0.1406250037252903,5.224160194396973,2.2199923992156982,0.01337408006307669,0.005220470498898067,0.863406278192997,2.043369472026825,0.0,147094.40406319636,6353.816984083068,23578624.0,0.0062384642998334575,24.0,4.0,8,2,False,False,4,2,8,2,4,True
delayed_kv_length_scaling,refresh_friendly,17,delayed_kv,easy,summary_memory,216640,216640,accuracy,0.18750000651925802,5.460574626922607,2.156573534011841,0.024339558061910793,0.009222076609148644,0.5500316023826599,2.03769089281559,0.0,166544.7264440299,5023.111586656754,25193984.0,0.0066104958407542805,56.0,8.0,8,2,False,False,4,2,8,2,4,True
delayed_kv_length_scaling,refresh_friendly,17,delayed_kv,easy,summary_memory,216640,216640,accuracy,0.11979167023673654,5.829554557800293,2.0785305500030518,0.03529855648288503,0.01323208087706007,0.42626332119107246,2.0772390365600586,0.0,174113.37806123905,5010.021095615581,26994176.0,0.0064500349283208,88.0,12.0,8,2,False,False,4,2,8,2,4,True
delayed_kv_length_scaling,refresh_friendly,17,delayed_kv,easy,summary_memory,216640,216640,accuracy,0.1250000037252903,5.474933624267578,2.087894916534424,0.045925584813812745,0.017291899624979123,0.31315572187304497,2.042722925543785,0.0,177648.3878192135,5025.755981697099,28794368.0,0.006169553289699343,120.0,16.0,8,2,False,False,4,2,8,2,4,True
delayed_kv_length_scaling,refresh_friendly,23,delayed_kv,easy,summary_memory,216640,216640,accuracy,0.12500000279396772,5.230645179748535,2.2788033485412598,0.013169469793792814,0.005213492360780947,0.8886507004499435,2.094435155391693,0.0,147291.01387811292,6342.5433985898935,23578624.0,0.0062468027768759074,24.0,4.0,8,2,False,False,4,2,8,2,4,True
delayed_kv_length_scaling,refresh_friendly,23,delayed_kv,easy,summary_memory,216640,216640,accuracy,0.13541666883975267,5.712766170501709,2.1871633529663086,0.023687469341093673,0.00928352924529463,0.5262555256485939,2.057264044880867,0.0,165441.6427626162,5023.069484983561,25193984.0,0.006566712226324197,56.0,8.0,8,2,False,False,4,2,8,2,4,True
delayed_kv_length_scaling,refresh_friendly,23,delayed_kv,easy,summary_memory,216640,216640,accuracy,0.11458333628252149,5.3570404052734375,2.164731979370117,0.035365378145361316,0.013308808483998291,0.40981029719114304,2.070849046111107,0.0,173109.30774345732,5012.066520665049,26994176.0,0.00641283911549874,88.0,12.0,8,2,False,False,4,2,8,2,4,True
delayed_kv_length_scaling,refresh_friendly,23,delayed_kv,easy,summary_memory,216640,216640,accuracy,0.14583333674818277,5.5005202293396,2.1187095642089844,0.046500669686356556,0.017231238118256442,0.3196098692715168,2.0479170382022858,0.0,178273.82749599929,5031.784130521412,28794368.0,0.006191274192786565,120.0,16.0,8,2,False,False,4,2,8,2,4,True
delayed_kv_length_scaling,refresh_friendly,11,delayed_kv,easy,local_only,191680,191680,accuracy,0.1562500037252903,5.895445346832275,2.299527168273926,0.0076546917587984355,0.003466557274805382,1.2806393802165985,2.1113556921482086,0.0,221500.4950038329,11646.940567779116,22176768.0,0.009987952031776357,0.0,4.0,8,2,False,False,4,2,8,2,4,True
delayed_kv_length_scaling,refresh_friendly,11,delayed_kv,easy,local_only,191680,191680,accuracy,0.18229167396202683,5.334450721740723,2.186605453491211,0.012888391878223047,0.005406014621257782,0.6086665540933609,2.0493103563785553,0.0,284092.75508423476,9391.784404243774,23779840.0,0.011946790015586092,0.0,8.0,8,2,False,False,4,2,8,2,4,True
delayed_kv_length_scaling,refresh_friendly,11,delayed_kv,easy,local_only,191680,191680,accuracy,0.15625000512227416,5.860306262969971,2.1806020736694336,0.018295673166867345,0.007365880868746899,0.4344216287136078,2.0531409680843353,0.0,312765.35754498147,9373.004604973677,25580032.0,0.012226933787455053,0.0,12.0,8,2,False,False,4,2,8,2,4,True
delayed_kv_length_scaling,refresh_friendly,11,delayed_kv,easy,local_only,191680,191680,accuracy,0.1822916716337204,5.3173322677612305,2.121473550796509,0.02409533683909103,0.009337597861303948,0.3774709366261959,2.0831596106290817,0.0,328968.8781690566,9386.116628031048,27380224.0,0.012014835166032849,0.0,16.0,8,2,False,False,4,2,8,2,4,True
delayed_kv_length_scaling,refresh_friendly,17,delayed_kv,easy,local_only,191680,191680,accuracy,0.1302083362825215,5.612903118133545,2.2333195209503174,0.008313320928718894,0.0034536686434876174,1.1690043061971664,2.087236911058426,0.0,222329.31028755615,11551.134284975646,22176768.0,0.010025325164043569,0.0,4.0,8,2,False,False,4,2,8,2,4,True
delayed_kv_length_scaling,refresh_friendly,17,delayed_kv,easy,local_only,191680,191680,accuracy,0.1302083358168602,5.3129167556762695,2.153536081314087,0.013563385979505255,0.005438892869278789,0.5947394594550133,2.0404391139745712,0.0,282375.1835247294,9413.52206888654,23779840.0,0.011874561961927809,0.0,8.0,8,2,False,False,4,2,8,2,4,True
delayed_kv_length_scaling,refresh_friendly,17,delayed_kv,easy,local_only,191680,191680,accuracy,0.1302083353511989,5.901859760284424,2.116079092025757,0.018963653536047786,0.007362498246948235,0.44288360700011253,2.0486192405223846,0.0,312909.78959162545,9397.977386696892,25580032.0,0.012232580068376202,0.0,12.0,8,2,False,False,4,2,8,2,4,True
delayed_kv_length_scaling,refresh_friendly,17,delayed_kv,easy,local_only,191680,191680,accuracy,0.13541666930541396,5.166905403137207,2.0835118293762207,0.024225384664023294,0.009356137743452564,0.393351249396801,2.104824334383011,0.0,328316.3077887733,9411.59851429281,27380224.0,0.011991001526823641,0.0,16.0,8,2,False,False,4,2,8,2,4,True
delayed_kv_length_scaling,refresh_friendly,23,delayed_kv,easy,local_only,191680,191680,accuracy,0.06770833488553762,5.847934722900391,2.3287785053253174,0.00833237694692798,0.003452332763117738,1.9107446670532227,2.4045944213867188,0.0,222415.59677702576,11663.162309731053,22176768.0,0.010029216014571003,0.0,4.0,8,2,False,False,4,2,8,2,4,True
delayed_kv_length_scaling,refresh_friendly,23,delayed_kv,easy,local_only,191680,191680,accuracy,0.19270833861082792,5.337002754211426,2.203514575958252,0.013524421104229988,0.00540898650069721,0.7305631935596466,2.089384287595749,0.0,283937.3472595554,9464.700461848395,23779840.0,0.011940254739289896,0.0,8.0,8,2,False,False,4,2,8,2,4,True
delayed_kv_length_scaling,refresh_friendly,23,delayed_kv,easy,local_only,191680,191680,accuracy,0.09375000186264515,5.271084308624268,2.14605712890625,0.01901737290783785,0.007391952531179413,0.42356522381305695,2.0583595633506775,0.0,311662.3344464778,9366.153382833123,25580032.0,0.012183813313700225,0.0,12.0,8,2,False,False,4,2,8,2,4,True
delayed_kv_length_scaling,refresh_friendly,23,delayed_kv,easy,local_only,191680,191680,accuracy,0.1562500037252903,5.314530849456787,2.122776985168457,0.024053557745646686,0.009344816484372132,0.3378192037343979,2.0910339951515198,0.0,328714.6932584092,9445.743340118352,27380224.0,0.012005551644077463,0.0,16.0,8,2,False,False,4,2,8,2,4,True
delayed_kv_length_scaling,refresh_friendly,11,delayed_kv,easy,refresh_with_sufficiency,191680,191680,accuracy,0.12500000279396772,5.639103412628174,2.306472063064575,0.010861762173008174,0.004793903761310503,0.9840402454137802,2.0560785830020905,0.030986299738287926,160181.54363753792,7103.4941149018905,23446528.0,0.0068317809629441905,6.0,4.0,8,2,True,False,4,2,8,2,4,True
delayed_kv_length_scaling,refresh_friendly,11,delayed_kv,easy,refresh_with_sufficiency,191680,191680,accuracy,0.15625000465661287,5.6716132164001465,2.206578016281128,0.021299301424296573,0.008450161622022279,0.5417277067899704,2.072194993495941,0.027896962594240904,181756.749198129,5578.460694850519,25391616.0,0.007158140277410031,14.0,8.0,8,2,True,False,4,2,8,2,4,True
delayed_kv_length_scaling,refresh_friendly,11,delayed_kv,easy,refresh_with_sufficiency,191680,191680,accuracy,0.18229167256504297,5.63064432144165,2.137227773666382,0.031209622980095445,0.01210727309808135,0.4536571428179741,2.065228372812271,0.046018073335289955,190288.12437081436,5580.928126784406,27513344.0,0.006916212161299417,22.0,12.0,8,2,True,False,4,2,8,2,4,True
delayed_kv_length_scaling,refresh_friendly,11,delayed_kv,easy,refresh_with_sufficiency,191680,191680,accuracy,0.1093750037252903,5.777669906616211,2.1565558910369873,0.040702951030107216,0.01566462972550653,0.3223484419286251,2.0688092559576035,0.02026440086774528,196102.20222596664,5603.7897033059435,29635072.0,0.006617233871608837,30.0,16.0,8,2,True,False,4,2,8,2,4,True
delayed_kv_length_scaling,refresh_friendly,17,delayed_kv,easy,refresh_with_sufficiency,191680,191680,accuracy,0.13541667023673654,5.382325172424316,2.2497963905334473,0.011604614660609514,0.004817535576876253,0.9952949807047844,2.0489372313022614,0.0277657862752676,159394.44635661194,7110.409721441646,23446528.0,0.006798211076565875,6.0,4.0,8,2,True,False,4,2,8,2,4,True
delayed_kv_length_scaling,refresh_friendly,17,delayed_kv,easy,refresh_with_sufficiency,191680,191680,accuracy,0.1354166683740914,5.598661422729492,2.1579482555389404,0.02067760746111162,0.008430873014731333,0.5680529102683067,2.0434770435094833,0.0420849253423512,182173.2531269599,5599.715617461217,25391616.0,0.007174543484233532,14.0,8.0,8,2,True,False,4,2,8,2,4,True
delayed_kv_length_scaling,refresh_friendly,17,delayed_kv,easy,refresh_with_sufficiency,191680,191680,accuracy,0.15625000279396772,5.7167463302612305,2.1066699028015137,0.030944591098232194,0.012038707005558535,0.39740046113729477,2.0453373044729233,0.02782547497190535,191372.0227760226,5633.891553812396,27513344.0,0.006955607532694775,22.0,12.0,8,2,True,False,4,2,8,2,4,True
delayed_kv_length_scaling,refresh_friendly,17,delayed_kv,easy,refresh_with_sufficiency,191680,191680,accuracy,0.1458333362825215,5.859707355499268,2.1068897247314453,0.04074544038041495,0.015739029127871618,0.3280691169202328,2.0493163615465164,0.022047550417482853,195175.17536352403,5588.62546140871,29635072.0,0.006585952460770941,30.0,16.0,8,2,True,False,4,2,8,2,4,True
delayed_kv_length_scaling,refresh_friendly,23,delayed_kv,easy,refresh_with_sufficiency,191680,191680,accuracy,0.10416667023673654,5.500921249389648,2.2619073390960693,0.011506180665455758,0.004804908239748329,0.9593404084444046,2.081724300980568,0.032540185609832406,159814.69362847938,7115.71155303382,23446528.0,0.0068161347227393065,6.0,4.0,8,2,True,False,4,2,8,2,4,True
delayed_kv_length_scaling,refresh_friendly,23,delayed_kv,easy,refresh_with_sufficiency,191680,191680,accuracy,0.15625000558793545,5.869190692901611,2.236745595932007,0.021386352252447977,0.00847302086185664,0.5653697699308395,2.0670284777879715,0.03350510634481907,181266.4594020103,5589.928350921975,25391616.0,0.0071388311560008745,14.0,8.0,8,2,True,False,4,2,8,2,4,True
delayed_kv_length_scaling,refresh_friendly,23,delayed_kv,easy,refresh_with_sufficiency,191680,191680,accuracy,0.18750000651925802,5.940410137176514,2.180734395980835,0.031082893245620653,0.012092887598555535,0.5403619855642319,2.1010029315948486,0.06356136547401547,190514.36106204588,5586.200868046298,27513344.0,0.006924434960070498,22.0,12.0,8,2,True,False,4,2,8,2,4,True
delayed_kv_length_scaling,refresh_friendly,23,delayed_kv,easy,refresh_with_sufficiency,191680,191680,accuracy,0.1510416716337204,6.148653030395508,2.113408088684082,0.04087857390288264,0.015704662131611258,0.3499855548143387,2.062366306781769,0.028633780544623733,195601.9378409496,5611.678886814738,29635072.0,0.006600353049283957,30.0,16.0,8,2,True,False,4,2,8,2,4,True
delayed_kv_length_scaling,refresh_friendly,11,delayed_kv,easy,refresh_with_detail,208450,208450,accuracy,0.5208333395421505,5.619121074676514,1.83673095703125,0.01485608662944287,0.0062908383551985025,1.0260504335165024,1.517352819442749,0.03376960335299373,122069.65527022391,4971.5091053631795,24202752.0,0.005043627074731994,6.0,4.0,8,2,True,True,4,2,8,2,4,True
delayed_kv_length_scaling,refresh_friendly,11,delayed_kv,easy,refresh_with_detail,208450,208450,accuracy,0.354166679084301,5.667064189910889,1.8056107759475708,0.02839111563516781,0.011536767880897969,0.611866258084774,1.5823641419410706,0.0693263579159975,133131.52123894755,3900.6852950026405,26713088.0,0.004983756323452666,14.0,8.0,8,2,True,True,4,2,8,2,4,True
delayed_kv_length_scaling,refresh_friendly,11,delayed_kv,easy,refresh_with_detail,208450,208450,accuracy,0.4531250111758709,5.686331272125244,1.5031594038009644,0.04183292776811868,0.016684644389897585,0.46170590445399284,1.3805023729801178,0.0438108891248703,138085.47963652524,3939.4435162698,29326336.0,0.00470858274407431,22.0,12.0,8,2,True,True,4,2,8,2,4,True
delayed_kv_length_scaling,refresh_friendly,11,delayed_kv,easy,refresh_with_detail,208450,208450,accuracy,0.5312500149011612,5.5612688064575195,1.4792383909225464,0.05495816433453001,0.02198855516326148,0.3701307959854603,1.4813728630542755,0.04499488417059183,139704.81901919428,3908.6859510166405,31939584.0,0.004374033770107785,30.0,16.0,8,2,True,True,4,2,8,2,4,True
delayed_kv_length_scaling,refresh_friendly,17,delayed_kv,easy,refresh_with_detail,208450,208450,accuracy,0.5208333469927311,5.278036117553711,1.4718499183654785,0.014286564480280504,0.00626111424935516,1.1251057535409927,1.3588304817676544,0.0449850233271718,122648.80213491064,4993.053369065164,24202752.0,0.005067556042176966,6.0,4.0,8,2,True,True,4,2,8,2,4,True
delayed_kv_length_scaling,refresh_friendly,17,delayed_kv,easy,refresh_with_detail,208450,208450,accuracy,0.5520833432674408,5.680251598358154,1.3827074766159058,0.028014904720475898,0.011648361905827187,0.6554761677980423,1.3183689266443253,0.045237126760184765,131855.78038599703,3912.465735451233,26713088.0,0.00493599917710738,14.0,8.0,8,2,True,True,4,2,8,2,4,True
delayed_kv_length_scaling,refresh_friendly,17,delayed_kv,easy,refresh_with_detail,208450,208450,accuracy,0.6822916865348816,5.789035797119141,1.3487013578414917,0.04221201828680932,0.016800758501631208,0.5222763791680336,1.0208143293857574,0.04960343986749649,137131.10616144683,3902.8527978902625,29326336.0,0.004676039521658854,22.0,12.0,8,2,True,True,4,2,8,2,4,True
delayed_kv_length_scaling,refresh_friendly,17,delayed_kv,easy,refresh_with_detail,208450,208450,accuracy,0.3489583432674408,5.563654899597168,1.5270438194274902,0.05508062132052146,0.022041518008336425,0.3712892197072506,1.5190593302249908,0.04041412938386202,139369.17544894942,3914.9841539923723,31939584.0,0.004363525068108258,30.0,16.0,8,2,True,True,4,2,8,2,4,True
delayed_kv_length_scaling,refresh_friendly,23,delayed_kv,easy,refresh_with_detail,208450,208450,accuracy,0.614583358168602,5.190455436706543,1.5974698066711426,0.014825842013815418,0.006297194151557051,1.1035854071378708,1.3243882954120636,0.03896423662081361,121946.15101352548,4923.697046549807,24202752.0,0.005038524173347125,6.0,4.0,8,2,True,True,4,2,8,2,4,True
delayed_kv_length_scaling,refresh_friendly,23,delayed_kv,easy,refresh_with_detail,208450,208450,accuracy,0.4791666828095913,5.5479207038879395,1.5444380044937134,0.028360794770997018,0.011567122142878361,0.6419042274355888,1.3704141080379486,0.04261177172884345,132782.89965663443,3872.7436030912527,26713088.0,0.0049707057325845076,14.0,8.0,8,2,True,True,4,2,8,2,4,True
delayed_kv_length_scaling,refresh_friendly,23,delayed_kv,easy,refresh_with_detail,208450,208450,accuracy,0.3802083432674408,6.32839822769165,1.8670575618743896,0.04182735601090826,0.016746988490922377,0.4515996538102627,1.7160459160804749,0.053831241093575954,137571.40643394509,3910.8750434797917,29326336.0,0.004691053339699343,22.0,12.0,8,2,True,True,4,2,8,2,4,True
delayed_kv_length_scaling,refresh_friendly,23,delayed_kv,easy,refresh_with_detail,208450,208450,accuracy,0.33333334140479565,5.695893287658691,1.9189387559890747,0.055349441161379215,0.022050160376238637,0.36509445309638977,1.8451062887907028,0.03524062084034085,139314.51384332502,3893.0280467085345,31939584.0,0.004361813661797381,30.0,16.0,8,2,True,True,4,2,8,2,4,True
needle_length_scaling,refresh_hostile,11,needle,easy,transformer_local,208256,208256,accuracy,0.35937500931322575,4.984996318817139,1.9028348922729492,0.005795029886066914,0.002610725976410322,1.1918462216854095,1.4634344726800919,0.0,294095.00757131167,23056.015630254562,26206208.0,0.011222341193785521,0.0,4.0,8,2,False,False,4,2,8,2,4,True
needle_length_scaling,refresh_hostile,11,needle,easy,transformer_local,208256,208256,accuracy,0.22395834093913436,5.272734642028809,2.3716390132904053,0.006176100560696796,0.0029454238683683798,1.1653228998184204,1.9982544779777527,0.0,521368.73625567614,23170.408345366694,32531456.0,0.016026603182337618,0.0,8.0,8,2,False,False,4,2,8,2,4,True
needle_length_scaling,refresh_hostile,11,needle,easy,transformer_local,208256,208256,accuracy,0.14583333488553762,5.198915481567383,2.396669626235962,0.006552372061414644,0.003281768615124747,0.9670627936720848,2.075283467769623,0.0,701917.3995123089,19676.35792651832,40431616.0,0.01736060709303108,0.0,12.0,8,2,False,False,4,2,8,2,4,True
needle_length_scaling,refresh_hostile,11,needle,easy,transformer_local,208256,208256,accuracy,0.13020833441987634,5.307799339294434,2.36283540725708,0.0068691446643788364,0.003574633374228142,1.0010265558958054,2.0939774811267853,0.0,859230.4887825907,20214.133607851254,50562048.0,0.016993585560113995,0.0,16.0,8,2,False,False,4,2,8,2,4,True
needle_length_scaling,refresh_hostile,17,needle,easy,transformer_local,208256,208256,accuracy,0.4427083395421505,5.257518768310547,1.7470468282699585,0.005798439594218508,0.002607886985060759,1.2186111956834793,1.4131783694028854,0.0,294415.64831657347,23137.748903905893,26206208.0,0.0112345764910579,0.0,4.0,8,2,False,False,4,2,8,2,4,True
needle_length_scaling,refresh_hostile,17,needle,easy,transformer_local,208256,208256,accuracy,0.22395834047347307,5.26163911819458,2.074277877807617,0.006184587748721242,0.0029379222687566653,1.0232049375772476,1.9608514904975891,0.0,522701.4406944558,22968.924333775238,32531456.0,0.016067569822096367,0.0,8.0,8,2,False,False,4,2,8,2,4,True
needle_length_scaling,refresh_hostile,17,needle,easy,transformer_local,208256,208256,accuracy,0.20833333861082792,5.110380172729492,2.2802162170410156,0.006585073877358809,0.003280332501162775,0.9863389059901237,2.0532451570034027,0.0,702221.4530613867,22351.070623784577,40431616.0,0.017368127285869225,0.0,12.0,8,2,False,False,4,2,8,2,4,True
needle_length_scaling,refresh_hostile,17,needle,easy,transformer_local,208256,208256,accuracy,0.1302083358168602,5.42743444442749,2.3354134559631348,0.006821709936484694,0.003580934993806295,0.9714006409049034,2.0993545055389404,0.0,857703.3931661852,23327.900398068712,50562048.0,0.016963383151849094,0.0,16.0,8,2,False,False,4,2,8,2,4,True
needle_length_scaling,refresh_hostile,23,needle,easy,transformer_local,208256,208256,accuracy,0.4062500111758709,5.692935466766357,1.821642279624939,0.005795842575607822,0.0026030904991785064,1.5919652432203293,1.7271895557641983,0.0,294959.2932884946,23078.232760794916,26206208.0,0.011255321383715438,0.0,4.0,8,2,False,False,4,2,8,2,4,True
needle_length_scaling,refresh_hostile,23,needle,easy,transformer_local,208256,208256,accuracy,0.2239583432674408,5.577903747558594,2.0074095726013184,0.006148831356549636,0.002954906623926945,1.0294205248355865,2.009537562727928,0.0,519700.35669395013,23109.188069263975,32531456.0,0.01597531806427447,0.0,8.0,8,2,False,False,4,2,8,2,4,True
needle_length_scaling,refresh_hostile,23,needle,easy,transformer_local,208256,208256,accuracy,0.21354167349636555,5.244414329528809,2.3598620891571045,0.006494258249877021,0.003270273096859455,0.9930665716528893,2.0648787319660187,0.0,704386.8791639997,22809.700548262368,40431616.0,0.017421685028963466,0.0,12.0,8,2,False,False,4,2,8,2,4,True
needle_length_scaling,refresh_hostile,23,needle,easy,transformer_local,208256,208256,accuracy,0.140625003259629,5.764326095581055,2.3213412761688232,0.006814220469677821,0.0035664254683069885,1.0003362223505974,2.10325887799263,0.0,861206.3734104659,23434.27375114012,50562048.0,0.01703266397378654,0.0,16.0,8,2,False,False,4,2,8,2,4,True
needle_length_scaling,refresh_hostile,11,needle,easy,transformer_full,208256,208256,accuracy,0.29166667722165585,5.503750801086426,2.1208794116973877,0.005657605372834951,0.002528276600060053,1.3587594777345657,1.8259109854698181,0.0,303684.08197615825,24765.015882236985,26206208.0,0.011588249699313928,0.0,4.0,8,2,False,False,4,2,8,2,4,True
needle_length_scaling,refresh_hostile,11,needle,easy,transformer_full,208256,208256,accuracy,0.18229166930541396,5.6648759841918945,2.4776864051818848,0.00543591468478553,0.0028468976088333875,1.326381042599678,2.109746992588043,0.0,539404.8456058417,25070.87784347948,32531456.0,0.01658102378220765,0.0,8.0,8,2,False,False,4,2,8,2,4,True
needle_length_scaling,refresh_hostile,11,needle,easy,transformer_full,208256,208256,accuracy,0.1197916679084301,5.697709560394287,2.465355634689331,0.005794815283734351,0.003180964748025872,1.3359809070825577,2.1040955185890198,0.0,724156.3452590812,24544.519867747178,40431616.0,0.017910645601182038,0.0,12.0,8,2,False,False,4,2,8,2,4,True
needle_length_scaling,refresh_hostile,11,needle,easy,transformer_full,208256,208256,accuracy,0.1197916679084301,5.302543640136719,2.47613787651062,0.006110055857570842,0.0034824241447495297,1.3347711861133575,2.1116928160190582,0.0,881975.3923053273,25309.540294663926,50562048.0,0.017443426981148535,0.0,16.0,8,2,False,False,4,2,8,2,4,True
needle_length_scaling,refresh_hostile,17,needle,easy,transformer_full,208256,208256,accuracy,0.2968750149011612,5.264657497406006,1.9833595752716064,0.005233548479154706,0.002515359374228865,1.3540297597646713,1.7895638942718506,0.0,305242.8292666964,24825.856442934415,26206208.0,0.011647729777108401,0.0,4.0,8,2,False,False,4,2,8,2,4,True
needle_length_scaling,refresh_hostile,17,needle,easy,transformer_full,208256,208256,accuracy,0.1354166711680591,4.894747734069824,2.4159767627716064,0.006073300685966387,0.002857908475561999,1.3120654821395874,2.0928500294685364,0.0,537330.9453219977,25141.92198725138,32531456.0,0.01651727316852949,0.0,8.0,8,2,False,False,4,2,8,2,4,True
needle_length_scaling,refresh_hostile,17,needle,easy,transformer_full,208256,208256,accuracy,0.1406250037252903,5.493899345397949,2.4253716468811035,0.00645431516924873,0.0031736736273160204,1.320275992155075,2.099900394678116,0.0,725818.2266123494,24555.093971116337,40431616.0,0.017951749111693914,0.0,12.0,8,2,False,False,4,2,8,2,4,True
needle_length_scaling,refresh_hostile,17,needle,easy,transformer_full,208256,208256,accuracy,0.15625000558793545,4.998526573181152,2.42161226272583,0.006756216009380296,0.0034779030102072284,1.3825039565563202,2.1408884823322296,0.0,883115.3252567772,25373.332764882332,50562048.0,0.017465972210160025,0.0,16.0,8,2,False,False,4,2,8,2,4,True
needle_length_scaling,refresh_hostile,23,needle,easy,transformer_full,208256,208256,accuracy,0.4270833432674408,5.386451721191406,1.943544864654541,0.005703681904124096,0.002526957498048432,1.3646037429571152,1.7325774431228638,0.0,303842.2397332867,24973.622828313393,26206208.0,0.011594284824927236,0.0,4.0,8,2,False,False,4,2,8,2,4,True
needle_length_scaling,refresh_hostile,23,needle,easy,transformer_full,208256,208256,accuracy,0.1302083353511989,5.811103343963623,2.4254894256591797,0.005981125230900944,0.0028694590291706845,1.3390997797250748,2.091606616973877,0.0,535172.2664938861,24958.300242551104,32531456.0,0.016450916506592455,0.0,8.0,8,2,False,False,4,2,8,2,4,True
needle_length_scaling,refresh_hostile,23,needle,easy,transformer_full,208256,208256,accuracy,0.07812500139698386,5.794394016265869,2.4277169704437256,0.00598133472725749,0.0031887457880657166,3.6711266338825226,3.538998931646347,0.0,722388.5399812013,24562.4079120722,40431616.0,0.017866922261558907,0.0,12.0,8,2,False,False,4,2,8,2,4,True
needle_length_scaling,refresh_hostile,23,needle,easy,transformer_full,208256,208256,accuracy,0.09895833535119891,5.363254070281982,2.4296233654022217,0.006366938990540802,0.003494805991067551,3.1449666023254395,3.219726026058197,0.0,878849.0062835932,25305.514020694558,50562048.0,0.01738159431919358,0.0,16.0,8,2,False,False,4,2,8,2,4,True
needle_length_scaling,refresh_hostile,11,needle,easy,summary_memory,216640,216640,accuracy,1.0,5.4029035568237305,0.393490731716156,0.012860213024541736,0.005412585873273201,1.174903318285942,0.0992192393168807,0.0,141874.08897345737,6355.467630705799,23578624.0,0.006017063971733778,24.0,4.0,8,2,False,False,4,2,8,2,4,True
needle_length_scaling,refresh_hostile,11,needle,easy,summary_memory,216640,216640,accuracy,0.1197916679084301,5.424041748046875,2.4284815788269043,0.024680777350440622,0.009706974145956337,1.2577753216028214,2.0950407087802887,0.0,158225.55399482494,3093.091220104598,25193984.0,0.006280291120087436,56.0,8.0,8,2,False,False,4,2,8,2,4,True
needle_length_scaling,refresh_hostile,11,needle,easy,summary_memory,216640,216640,accuracy,0.1197916679084301,4.898775100708008,2.442476511001587,0.03602888907538727,0.013991509753395803,1.2456525266170502,2.100459337234497,0.0,164663.05617871575,2038.8857943091155,26994176.0,0.00609994749158914,88.0,12.0,8,2,False,False,4,2,8,2,4,True
needle_length_scaling,refresh_hostile,11,needle,easy,summary_memory,216640,216640,accuracy,0.1197916679084301,5.37229061126709,2.443995952606201,0.047224118958692995,0.01835014899552334,1.2649696916341782,2.099954664707184,0.0,167403.8357255835,1528.7817091176996,28794368.0,0.005813770099957863,120.0,16.0,8,2,False,False,4,2,8,2,4,True
needle_length_scaling,refresh_hostile,17,needle,easy,summary_memory,216640,216640,accuracy,1.0,5.718729496002197,0.5545012950897217,0.013596051143249497,0.005421718888101168,1.1813231259584427,0.24839360266923904,0.0,141634.4000911951,6332.971869760594,23578624.0,0.006006898455617898,24.0,4.0,8,2,False,False,4,2,8,2,4,True
needle_length_scaling,refresh_hostile,17,needle,easy,summary_memory,216640,216640,accuracy,0.2239583395421505,5.388988018035889,2.301661252975464,0.024825974347768353,0.009724244024255313,1.0205253660678864,2.0802907943725586,0.0,157944.98170695876,3094.257684435695,25193984.0,0.006269154640526832,56.0,8.0,8,2,False,False,4,2,8,2,4,True
needle_length_scaling,refresh_hostile,17,needle,easy,summary_memory,216640,216640,accuracy,0.15625000558793545,5.653196811676025,2.408804178237915,0.036159425523364916,0.013971862848848104,1.412031352519989,2.132559597492218,0.0,164894.45680116798,2047.9793906696364,26994176.0,0.00610851973407775,88.0,12.0,8,2,False,False,4,2,8,2,4,True
needle_length_scaling,refresh_hostile,17,needle,easy,summary_memory,216640,216640,accuracy,0.15625000558793545,5.345210552215576,2.32474684715271,0.04730689909076318,0.018299769406439736,1.3486754298210144,2.1339900195598602,0.0,167864.5469800084,1527.4150017048337,28794368.0,0.005829770147412452,120.0,16.0,8,2,False,False,4,2,8,2,4,True
needle_length_scaling,refresh_hostile,23,needle,easy,summary_memory,216640,216640,accuracy,1.0,5.416940212249756,0.39327651262283325,0.012890804307535291,0.0053792718827025965,1.1553602069616318,0.10883046872913837,0.0,142753.03868427407,6350.75027767031,23578624.0,0.006054341368023599,24.0,4.0,8,2,False,False,4,2,8,2,4,True
needle_length_scaling,refresh_hostile,23,needle,easy,summary_memory,216640,216640,accuracy,0.09895833535119891,5.316432952880859,2.3547701835632324,0.024018423481611536,0.00970918072562199,3.2792656123638153,3.0067069232463837,0.0,158189.7838518983,3091.3589323274246,25193984.0,0.006278871331024831,56.0,8.0,8,2,False,False,4,2,8,2,4,True
needle_length_scaling,refresh_hostile,23,needle,easy,summary_memory,216640,216640,accuracy,0.1302083353511989,5.614843368530273,2.3936028480529785,0.035516871843719856,0.014011989114806056,1.193115085363388,2.1023887991905212,0.0,164422.44425888694,2032.9316150065615,26994176.0,0.0060910340163332615,88.0,12.0,8,2,False,False,4,2,8,2,4,True
needle_length_scaling,refresh_hostile,23,needle,easy,summary_memory,216640,216640,accuracy,0.1302083353511989,5.401950359344482,2.415973663330078,0.04722993476781994,0.018246446517878212,1.2423973083496094,2.1030759811401367,0.0,168355.03051902045,1533.9338742678938,28794368.0,0.005846804156945568,120.0,16.0,8,2,False,False,4,2,8,2,4,True
needle_length_scaling,refresh_hostile,11,needle,easy,local_only,191680,191680,accuracy,0.11458333674818277,5.611388206481934,2.445577383041382,0.008465443546883762,0.003667954748379998,1.2257493436336517,2.123471677303314,0.0,209342.90126862732,11573.342699863146,22176768.0,0.009439738976780895,0.0,4.0,8,2,False,False,4,2,8,2,4,True
needle_length_scaling,refresh_hostile,11,needle,easy,local_only,191680,191680,accuracy,0.1197916679084301,5.280575752258301,2.4333248138427734,0.014108833620557561,0.0058976891450583935,1.2159552574157715,2.1109181940555573,0.0,260412.38933502344,6052.7039098105015,23779840.0,0.0109509731493157,0.0,8.0,8,2,False,False,4,2,8,2,4,True
needle_length_scaling,refresh_hostile,11,needle,easy,local_only,191680,191680,accuracy,0.1197916679084301,5.462988376617432,2.463258743286133,0.01959767407970503,0.008161944002495147,1.2669775038957596,2.1079531013965607,0.0,282262.0880021658,4077.0812774002675,25580032.0,0.011034469698949782,0.0,12.0,8,2,False,False,4,2,8,2,4,True
needle_length_scaling,refresh_hostile,11,needle,easy,local_only,191680,191680,accuracy,0.1197916679084301,5.435009002685547,2.411248207092285,0.02529786447295919,0.010407425870653242,1.2044330686330795,2.103064864873886,0.0,295155.2419327723,3087.7841769806273,27380224.0,0.010779869512125695,0.0,16.0,8,2,False,False,4,2,8,2,4,True
needle_length_scaling,refresh_hostile,17,needle,easy,local_only,191680,191680,accuracy,0.15625000558793545,5.340909481048584,2.395867109298706,0.008477288186550141,0.003669598590931855,1.3065709322690964,2.132745862007141,0.0,209250.0440264478,11658.165585213153,22176768.0,0.009435551836338272,0.0,4.0,8,2,False,False,4,2,8,2,4,True
needle_length_scaling,refresh_hostile,17,needle,easy,local_only,191680,191680,accuracy,0.15625000558793545,5.696672439575195,2.4015862941741943,0.014107348312390968,0.00593213910178747,1.351458877325058,2.13416451215744,0.0,258899.00552186454,5997.107956095809,23779840.0,0.010887331686077978,0.0,8.0,8,2,False,False,4,2,8,2,4,True
needle_length_scaling,refresh_hostile,17,needle,easy,local_only,191680,191680,accuracy,0.15625000558793545,5.133217811584473,2.407580852508545,0.019688749071210623,0.008156858253641985,1.336831733584404,2.1354418098926544,0.0,282437.9323969995,4107.484012160206,25580032.0,0.011041343982564194,0.0,12.0,8,2,False,False,4,2,8,2,4,True
needle_length_scaling,refresh_hostile,17,needle,easy,local_only,191680,191680,accuracy,0.15625000558793545,5.354215621948242,2.4102840423583984,0.02537734345300123,0.010441487364005297,1.3791745156049728,2.1312177181243896,0.0,294191.97435265774,3078.4990412170496,27380224.0,0.010744688368972355,0.0,16.0,8,2,False,False,4,2,8,2,4,True
needle_length_scaling,refresh_hostile,23,needle,easy,local_only,191680,191680,accuracy,0.1302083353511989,5.185091018676758,2.4207041263580322,0.008442196242976934,0.003652163504739292,1.24257293343544,2.1056564152240753,0.0,210248.95922168234,11683.755585714765,22176768.0,0.009480595153526535,0.0,4.0,8,2,False,False,4,2,8,2,4,True
needle_length_scaling,refresh_hostile,23,needle,easy,local_only,191680,191680,accuracy,0.1302083353511989,5.797992706298828,2.4331934452056885,0.014152921631466597,0.005905782250920311,1.2684212028980255,2.109586179256439,0.0,260054.86753397188,6049.1888302884745,23779840.0,0.010935938489660648,0.0,8.0,8,2,False,False,4,2,8,2,4,True
needle_length_scaling,refresh_hostile,23,needle,easy,local_only,191680,191680,accuracy,0.07812500139698386,5.2528767585754395,2.4174551963806152,0.019570706902304665,0.008136630262015387,3.8749117255210876,3.5293083786964417,0.0,283141.1605094363,4109.259008970176,25580032.0,0.011068835273913507,0.0,12.0,8,2,False,False,4,2,8,2,4,True
needle_length_scaling,refresh_hostile,23,needle,easy,local_only,191680,191680,accuracy,0.09895833535119891,5.583662986755371,2.426459312438965,0.025268827108666302,0.010400892249890603,3.755829691886902,3.40998974442482,0.0,295340.6764688747,3088.289935229007,27380224.0,0.010786642084041193,0.0,16.0,8,2,False,False,4,2,8,2,4,True
needle_length_scaling,refresh_hostile,11,needle,easy,refresh_with_sufficiency,191680,191680,accuracy,1.0,5.632051467895508,0.3505190312862396,0.01168746214476414,0.004973273884388618,1.1965703666210175,0.03387785982340574,0.0771963270381093,154405.06798921622,7142.718860049977,23446528.0,0.006585412901612393,6.0,4.0,8,2,True,False,4,2,8,2,4,True
needle_length_scaling,refresh_hostile,11,needle,easy,refresh_with_sufficiency,191680,191680,accuracy,1.0,5.686977863311768,0.7214869856834412,0.021781006804667415,0.008905931375920773,1.4260332882404327,0.3254755735397339,0.11259684339165688,172456.31064200314,3457.319036420943,25391616.0,0.006791860377929594,14.0,8.0,8,2,True,False,4,2,8,2,4,True
needle_length_scaling,refresh_hostile,11,needle,easy,refresh_with_sufficiency,191680,191680,accuracy,0.28125000558793545,5.187448501586914,2.2687509059906006,0.03176069696550257,0.012781241865013726,1.2413089275360107,1.871124967932701,0.0875598443672061,180254.10195077304,2280.109771796944,27513344.0,0.006551515582794045,22.0,12.0,8,2,True,False,4,2,8,2,4,True
needle_length_scaling,refresh_hostile,11,needle,easy,refresh_with_sufficiency,191680,191680,accuracy,0.21354167070239782,5.540788650512695,2.4431896209716797,0.04196179449209012,0.016749454007367603,1.2323874682188034,2.0925275087356567,0.07999712880700827,183401.65612156986,1696.840133083454,29635072.0,0.006188669159351793,30.0,16.0,8,2,True,False,4,2,8,2,4,True
needle_length_scaling,refresh_hostile,17,needle,easy,refresh_with_sufficiency,191680,191680,accuracy,1.0,5.683233737945557,0.3684263229370117,0.011754622344160453,0.004996576113626361,1.203103631734848,0.04549629706889391,0.09281302709132433,153684.14614582242,7135.6345840564145,23446528.0,0.006554665413396065,6.0,4.0,8,2,True,False,4,2,8,2,4,True
needle_length_scaling,refresh_hostile,17,needle,easy,refresh_with_sufficiency,191680,191680,accuracy,0.9218750223517418,5.56528377532959,1.2243903875350952,0.021545773783000186,0.008917493891203776,1.3663837313652039,0.9491992145776749,0.1300993300974369,172232.7118262886,3428.216354559025,25391616.0,0.006783054368272134,14.0,8.0,8,2,True,False,4,2,8,2,4,True
needle_length_scaling,refresh_hostile,17,needle,easy,refresh_with_sufficiency,191680,191680,accuracy,0.5312500223517418,5.535891056060791,1.9515495300292969,0.03111325956066139,0.01283313699241262,1.3123064637184143,1.5723161101341248,0.12112887762486935,179525.50747235274,2279.2074763792716,27513344.0,0.006525034087908498,22.0,12.0,8,2,True,False,4,2,8,2,4,True
needle_length_scaling,refresh_hostile,17,needle,easy,refresh_with_sufficiency,191680,191680,accuracy,0.11979166837409139,5.490182876586914,2.4293785095214844,0.04117341915378347,0.016763168008765206,1.2537816613912582,2.094133287668228,0.07569647114723921,183251.0412733267,1693.8249153239253,29635072.0,0.006183586841743685,30.0,16.0,8,2,True,False,4,2,8,2,4,True
needle_length_scaling,refresh_hostile,23,needle,easy,refresh_with_sufficiency,191680,191680,accuracy,1.0,5.278081893920898,0.3533714711666107,0.011082053178688512,0.004975673247827217,1.208089992403984,0.034616881515830755,0.07055786158889532,154330.89200206185,7137.67597453337,23446528.0,0.0065822492781047095,6.0,4.0,8,2,True,False,4,2,8,2,4,True
needle_length_scaling,refresh_hostile,23,needle,easy,refresh_with_sufficiency,191680,191680,accuracy,0.9687500149011612,5.585908889770508,1.5174893140792847,0.02112306802882813,0.008917914994526654,1.4143369942903519,1.0626718997955322,0.11800036858767271,172224.75525340645,3432.5831311830175,25391616.0,0.006782741013939658,14.0,8.0,8,2,True,False,4,2,8,2,4,True
needle_length_scaling,refresh_hostile,23,needle,easy,refresh_with_sufficiency,191680,191680,accuracy,0.3333333469927311,5.603018760681152,2.0226054191589355,0.03108350416063331,0.012822098738979548,1.221807911992073,1.8067359030246735,0.09417303558439016,179680.22349354203,2277.774836221262,27513344.0,0.006530657396408885,22.0,12.0,8,2,True,False,4,2,8,2,4,True
needle_length_scaling,refresh_hostile,23,needle,easy,refresh_with_sufficiency,191680,191680,accuracy,0.1302083353511989,5.321911811828613,2.413909673690796,0.04151915711699985,0.016727548761991784,1.262962207198143,2.099271297454834,0.07873022556304932,183641.6767717644,1699.6041696613597,29635072.0,0.006196768368633098,30.0,16.0,8,2,True,False,4,2,8,2,4,True
needle_length_scaling,refresh_hostile,11,needle,easy,refresh_with_detail,208450,208450,accuracy,1.0,6.163679122924805,0.35485467314720154,0.015004643010906876,0.006460197386331856,1.178076222538948,0.037749442271888256,0.08290859404951334,118869.30676243524,4973.253246878094,24202752.0,0.004911396305776932,6.0,4.0,8,2,True,True,4,2,8,2,4,True
needle_length_scaling,refresh_hostile,11,needle,easy,refresh_with_detail,208450,208450,accuracy,0.932291679084301,5.826812267303467,0.6766535639762878,0.02872471316368319,0.011998414745903574,1.3496881425380707,0.38967399299144745,0.09638872276991606,128009.33794001347,2387.908111678828,26713088.0,0.004792008244797961,14.0,8.0,8,2,True,True,4,2,8,2,4,True
needle_length_scaling,refresh_hostile,11,needle,easy,refresh_with_detail,208450,208450,accuracy,0.8020833507180214,5.501247406005859,1.4785125255584717,0.04254462656681426,0.017510135512566194,1.3082218319177628,1.0594064593315125,0.07816378585994244,131571.58740134002,1574.857599681946,29326336.0,0.0044864652509382695,22.0,12.0,8,2,True,True,4,2,8,2,4,True
needle_length_scaling,refresh_hostile,11,needle,easy,refresh_with_detail,208450,208450,accuracy,0.6145833507180214,5.410872936248779,0.988347053527832,0.05633966133580543,0.02312313324364368,1.3389507681131363,0.7875875234603882,0.08096170704811811,132849.9654633905,1172.9086277593367,31939584.0,0.004159414395108918,30.0,16.0,8,2,True,True,4,2,8,2,4,True
needle_length_scaling,refresh_hostile,17,needle,easy,refresh_with_detail,208450,208450,accuracy,1.0,5.918463230133057,0.3650246560573578,0.014484202223829925,0.006447653737268411,1.1917879730463028,0.04254345875233412,0.09692056477069855,119100.67594955026,4987.491746915672,24202752.0,0.004920955928877438,6.0,4.0,8,2,True,True,4,2,8,2,4,True
needle_length_scaling,refresh_hostile,17,needle,easy,refresh_with_detail,208450,208450,accuracy,1.0,5.04635763168335,0.3913809061050415,0.028657418884104117,0.011963042270508595,1.2713769376277924,0.04983882885426283,0.09780982788652182,128388.12666299117,2403.2472879854276,26713088.0,0.004806188137552318,14.0,8.0,8,2,True,True,4,2,8,2,4,True
needle_length_scaling,refresh_hostile,17,needle,easy,refresh_with_detail,208450,208450,accuracy,1.0,5.74065637588501,0.3629419505596161,0.04307129358290695,0.017504086994449608,1.2469876259565353,0.03004707139916718,0.08121380023658276,131621.3174069211,1578.7351743703534,29326336.0,0.004488160996550032,22.0,12.0,8,2,True,True,4,2,8,2,4,True
needle_length_scaling,refresh_hostile,17,needle,easy,refresh_with_detail,208450,208450,accuracy,1.0,5.226384162902832,0.5012691020965576,0.056323341879760846,0.023079710503225215,1.3349543660879135,0.13743666745722294,0.10395907890051603,133099.69685922164,1175.811959680818,31939584.0,0.004167233263251696,30.0,16.0,8,2,True,True,4,2,8,2,4,True
needle_length_scaling,refresh_hostile,23,needle,easy,refresh_with_detail,208450,208450,accuracy,1.0,6.160952568054199,0.382296085357666,0.014979939722688868,0.006480770738562569,1.2047465145587921,0.05373385967686772,0.10614798869937658,118492.08191648003,4949.691562865247,24202752.0,0.0048958102746530655,6.0,4.0,8,2,True,True,4,2,8,2,4,True
needle_length_scaling,refresh_hostile,23,needle,easy,refresh_with_detail,208450,208450,accuracy,1.0,5.781592845916748,0.3810727000236511,0.02866190508706495,0.012005491880699992,1.2628487348556519,0.04338266747072339,0.0812534186989069,127934.39090102883,2386.7613458972837,26713088.0,0.004789202614876604,14.0,8.0,8,2,True,True,4,2,8,2,4,True
needle_length_scaling,refresh_hostile,23,needle,easy,refresh_with_detail,208450,208450,accuracy,0.9895833432674408,5.336337566375732,0.4722946882247925,0.04226717434125021,0.017469293990870938,1.3246568739414215,0.10096464771777391,0.07609704043716192,131883.4247648332,1579.9764374179988,29326336.0,0.004497098606686945,22.0,12.0,8,2,True,True,4,2,8,2,4,True
needle_length_scaling,refresh_hostile,23,needle,easy,refresh_with_detail,208450,208450,accuracy,0.9947916716337204,5.588649272918701,0.3695998787879944,0.05632206821115687,0.02302911039441824,1.2637109458446503,0.05186996329575777,0.06435663718730211,133392.50022777755,1175.5240604853473,31939584.0,0.0041764006765954605,30.0,16.0,8,2,True,True,4,2,8,2,4,True
delayed_copy_length_scaling,refresh_hostile,11,delayed_copy,easy,transformer_local,208256,208256,exact_match,0.0,5.052714824676514,2.134650230407715,0.007023272759979591,0.0042624573688954115,0.3619605153799057,2.0409391671419144,0.0,360298.9697040419,23539.265181881678,32820224.0,0.010977955839181411,0.0,8.0,8,2,False,False,4,2,8,2,4,True
delayed_copy_length_scaling,refresh_hostile,11,delayed_copy,easy,transformer_local,208256,208256,exact_match,0.0,5.021549701690674,2.115687608718872,0.007641586954705417,0.004337148639024235,0.2619014345109463,2.0400759875774384,0.0,531135.7741442741,23630.28796572344,40433664.0,0.013135979320208876,0.0,12.0,8,2,False,False,4,2,8,2,4,True
delayed_copy_length_scaling,refresh_hostile,11,delayed_copy,easy,transformer_local,208256,208256,exact_match,0.0,5.049479961395264,2.1009879112243652,0.007818187534576282,0.004369384245364927,0.2612798921763897,2.0648265182971954,0.0,702965.6998629337,23611.737232593074,50564096.0,0.013902467471443249,0.0,16.0,8,2,False,False,4,2,8,2,4,True
delayed_copy_length_scaling,refresh_hostile,11,delayed_copy,easy,transformer_local,208256,208256,exact_match,0.0,5.652344703674316,2.0979628562927246,0.008155805646674707,0.004668742272770032,0.22423271276056767,2.0472151041030884,0.0,822370.006045515,23560.186190581295,61024256.0,0.013476116874665624,0.0,20.0,8,2,False,False,4,2,8,2,4,True
delayed_copy_length_scaling,refresh_hostile,17,delayed_copy,easy,transformer_local,208256,208256,exact_match,0.0052083334885537624,5.320689678192139,2.1024699211120605,0.007632792204385623,0.004264848248567432,0.586030624806881,2.1353233456611633,0.0,360093.8638105308,23506.773399561862,32820224.0,0.010971706463993994,0.0,8.0,8,2,False,False,4,2,8,2,4,True
delayed_copy_length_scaling,refresh_hostile,17,delayed_copy,easy,transformer_local,208256,208256,exact_match,0.0,5.533006191253662,2.0822973251342773,0.007759106209268793,0.004333103759563528,0.30282726138830185,2.061059832572937,0.0,531640.2838211596,23585.77838672322,40433664.0,0.013148456786433196,0.0,12.0,8,2,False,False,4,2,8,2,4,True
delayed_copy_length_scaling,refresh_hostile,17,delayed_copy,easy,transformer_local,208256,208256,exact_match,0.0,5.489650249481201,2.0897295475006104,0.007799354852177203,0.004351126117398962,0.25283357873559,2.0551509857177734,0.0,705916.436457233,23709.49599318427,50564096.0,0.013960823831543097,0.0,16.0,8,2,False,False,4,2,8,2,4,True
delayed_copy_length_scaling,refresh_hostile,17,delayed_copy,easy,transformer_local,208256,208256,exact_match,0.0,5.267071723937988,2.0507888793945312,0.00795337998191826,0.004644809479941614,0.2048053052276373,2.059378832578659,0.0,826611.3290240007,23672.794636024184,61024256.0,0.013545619122730487,0.0,20.0,8,2,False,False,4,2,8,2,4,True
delayed_copy_length_scaling,refresh_hostile,23,delayed_copy,easy,transformer_local,208256,208256,exact_match,0.0,5.482996940612793,2.1207315921783447,0.007654955538455397,0.004269450262654573,0.3784036785364151,2.046014815568924,0.0,359707.64952217374,23705.50653673358,32820224.0,0.010959938893840997,0.0,8.0,8,2,False,False,4,2,8,2,4,True
delayed_copy_length_scaling,refresh_hostile,23,delayed_copy,easy,transformer_local,208256,208256,exact_match,0.0052083334885537624,5.546561241149902,2.095282793045044,0.007789902718504891,0.004362514868262224,0.2974957302212715,2.053267776966095,0.0,528056.2851183758,23425.939017098473,40433664.0,0.013059817807220632,0.0,12.0,8,2,False,False,4,2,8,2,4,True
delayed_copy_length_scaling,refresh_hostile,23,delayed_copy,easy,transformer_local,208256,208256,exact_match,0.0,5.27238655090332,2.138881206512451,0.007241558358073235,0.004367103480035439,0.2771601043641567,2.060845196247101,0.0,703332.3503729072,23570.760807435046,50564096.0,0.013909718674153835,0.0,16.0,8,2,False,False,4,2,8,2,4,True
delayed_copy_length_scaling,refresh_hostile,23,delayed_copy,easy,transformer_local,208256,208256,exact_match,0.0052083334885537624,5.5487542152404785,2.0728232860565186,0.00735317864571698,0.004652797128073871,0.22014362551271915,2.057926058769226,0.0,825188.9130901578,23542.96048678662,61024256.0,0.013522310097318644,0.0,20.0,8,2,False,False,4,2,8,2,4,True
delayed_copy_length_scaling,refresh_hostile,11,delayed_copy,easy,transformer_full,208256,208256,exact_match,0.2500000027939677,5.330108642578125,0.9726312160491943,0.006986306548351422,0.00418696335691493,0.40168020501732826,0.8124033138155937,0.0,366792.5467539696,25467.758285052467,32820224.0,0.011175808756027064,0.0,8.0,8,2,False,False,4,2,8,2,4,True
delayed_copy_length_scaling,refresh_hostile,11,delayed_copy,easy,transformer_full,208256,208256,exact_match,0.0572916679084301,5.290744304656982,1.108286738395691,0.007092064981115982,0.00426414173853118,0.28497912362217903,1.068239763379097,0.0,540230.8905093279,25404.827439657118,40433664.0,0.013360918528415528,0.0,12.0,8,2,False,False,4,2,8,2,4,True
delayed_copy_length_scaling,refresh_hostile,11,delayed_copy,easy,transformer_full,208256,208256,exact_match,0.2812500074505806,5.398017883300781,0.8490694761276245,0.007127051951829344,0.004366403751191683,0.2584105636924505,0.7747664228081703,0.0,703415.2271178976,22423.2423064631,50564096.0,0.01391135771749776,0.0,16.0,8,2,False,False,4,2,8,2,4,True
delayed_copy_length_scaling,refresh_hostile,11,delayed_copy,easy,transformer_full,208256,208256,exact_match,0.4427083469927311,5.4419708251953125,0.7800031900405884,0.007932272335747257,0.004605457099387422,0.21691536530852318,0.7043130844831467,0.0,833671.4909399179,25412.279474912437,61024256.0,0.013661313477380501,0.0,20.0,8,2,False,False,4,2,8,2,4,True
delayed_copy_length_scaling,refresh_hostile,17,delayed_copy,easy,transformer_full,208256,208256,exact_match,0.10416666837409139,5.706794261932373,0.9951750040054321,0.007605873700231314,0.0041909331193892285,0.4051009528338909,0.880398616194725,0.0,366443.300811913,25690.89846318673,32820224.0,0.011165167575087634,0.0,8.0,8,2,False,False,4,2,8,2,4,True
delayed_copy_length_scaling,refresh_hostile,17,delayed_copy,easy,transformer_full,208256,208256,exact_match,0.24479167349636555,5.370632648468018,0.9096489548683167,0.007671332841273398,0.004250984609825537,0.3139244019985199,0.8607932329177856,0.0,541900.9335143036,25341.039719210883,40433664.0,0.013402221809883557,0.0,12.0,8,2,False,False,4,2,8,2,4,True
delayed_copy_length_scaling,refresh_hostile,17,delayed_copy,easy,transformer_full,208256,208256,exact_match,0.4375000074505806,5.42245626449585,0.7014175653457642,0.007752268033800647,0.0042768316343426704,0.2567969523370266,0.6990602090954781,0.0,718172.2042991887,25522.475041302874,50564096.0,0.014203204667184966,0.0,16.0,8,2,False,False,4,2,8,2,4,True
delayed_copy_length_scaling,refresh_hostile,17,delayed_copy,easy,transformer_full,208256,208256,exact_match,0.3177083469927311,5.326737880706787,0.7000669836997986,0.007397917259950191,0.004603040099027567,0.22257259115576744,0.6318098530173302,0.0,834106.6887421282,25590.364142631865,61024256.0,0.01366844503179405,0.0,20.0,8,2,False,False,4,2,8,2,4,True
delayed_copy_length_scaling,refresh_hostile,23,delayed_copy,easy,transformer_full,208256,208256,exact_match,0.23437500931322575,5.396254539489746,0.9330339431762695,0.007575458196224644,0.004194410881609656,0.3982485458254814,0.8461140021681786,0.0,366143.66556701355,25465.58762200295,32820224.0,0.011156037983379198,0.0,8.0,8,2,False,False,4,2,8,2,4,True
delayed_copy_length_scaling,refresh_hostile,23,delayed_copy,easy,transformer_full,208256,208256,exact_match,0.1354166711680591,5.698929786682129,1.003720760345459,0.007691466093529015,0.00425720150815323,0.318335946649313,0.9519387036561966,0.0,541114.3584979847,25311.409923713232,40433664.0,0.013382768341201647,0.0,12.0,8,2,False,False,4,2,8,2,4,True
delayed_copy_length_scaling,refresh_hostile,23,delayed_copy,easy,transformer_full,208256,208256,exact_match,0.19270833767950535,5.37327241897583,0.8650519251823425,0.007748321192339063,0.004271554353181273,0.2349570132791996,0.9120049551129341,0.0,719061.0215452899,25530.366173080507,50564096.0,0.014220782698167686,0.0,16.0,8,2,False,False,4,2,8,2,4,True
delayed_copy_length_scaling,refresh_hostile,23,delayed_copy,easy,transformer_full,208256,208256,exact_match,0.25520834140479565,5.195794105529785,0.7256115078926086,0.007965492575895041,0.004632542768376879,0.21394811384379864,0.7391288056969643,0.0,828798.9717946028,25290.74749081022,61024256.0,0.013581467864099856,0.0,20.0,8,2,False,False,4,2,8,2,4,True
delayed_copy_length_scaling,refresh_hostile,11,delayed_copy,easy,summary_memory,216640,216640,exact_match,0.0,5.527640342712402,2.1414904594421387,0.026383039051434024,0.011068733627325855,0.44546110555529594,2.0465662479400635,0.0,138759.95109727842,3100.485447256327,25828864.0,0.005372282385213628,56.0,8.0,8,2,False,False,4,2,8,2,4,True
delayed_copy_length_scaling,refresh_hostile,11,delayed_copy,easy,summary_memory,216640,216640,exact_match,0.0,5.243780136108398,2.1215715408325195,0.03723103148047812,0.015094178976141848,0.29726360738277435,2.045509248971939,0.0,152634.62293914132,3098.7702076648793,26996224.0,0.005653924894797929,88.0,12.0,8,2,False,False,4,2,8,2,4,True
delayed_copy_length_scaling,refresh_hostile,11,delayed_copy,easy,summary_memory,216640,216640,exact_match,0.0,5.006422519683838,2.104640245437622,0.04845708846580237,0.01926914339128416,0.24603436142206192,2.0438388884067535,0.0,159420.19622301735,3070.8640219070935,28796416.0,0.00553611241840017,120.0,16.0,8,2,False,False,4,2,8,2,4,True
delayed_copy_length_scaling,refresh_hostile,11,delayed_copy,easy,summary_memory,216640,216640,exact_match,0.0,5.323214054107666,2.08024001121521,0.059787085534771904,0.023259262059582397,0.21352124772965908,2.041468068957329,0.0,165090.60670535473,3065.9117329842597,30596608.0,0.0053957159795410894,152.0,20.0,8,2,False,False,4,2,8,2,4,True
delayed_copy_length_scaling,refresh_hostile,17,delayed_copy,easy,summary_memory,216640,216640,exact_match,0.0,5.173740863800049,2.1271557807922363,0.02642554838792421,0.011053216774598695,0.44088267907500267,2.0466305017471313,0.0,138955.3136452434,3101.090253138648,25828864.0,0.005379846114999228,56.0,8.0,8,2,False,False,4,2,8,2,4,True
delayed_copy_length_scaling,refresh_hostile,17,delayed_copy,easy,summary_memory,216640,216640,exact_match,0.0,5.244801998138428,2.098047971725464,0.037379041619133205,0.015063869519508444,0.3146963529288769,2.048722982406616,0.0,152941.58015452867,3109.7817773364814,26996224.0,0.005665295270721145,88.0,12.0,8,2,False,False,4,2,8,2,4,True
delayed_copy_length_scaling,refresh_hostile,17,delayed_copy,easy,summary_memory,216640,216640,exact_match,0.0,5.812534332275391,2.0600547790527344,0.04835683797369711,0.019119244374451227,0.24210849776864052,2.053902357816696,0.0,160670.03999324705,3085.169189376697,28796416.0,0.0055795151727648,120.0,16.0,8,2,False,False,4,2,8,2,4,True
delayed_copy_length_scaling,refresh_hostile,17,delayed_copy,easy,summary_memory,216640,216640,exact_match,0.0,5.456638336181641,2.071685314178467,0.05951933590462431,0.02322505525080487,0.20621436275541782,2.0453644692897797,0.0,165333.5020915836,3081.5471107782123,30596608.0,0.005403654617256383,152.0,20.0,8,2,False,False,4,2,8,2,4,True
delayed_copy_length_scaling,refresh_hostile,23,delayed_copy,easy,summary_memory,216640,216640,exact_match,0.0,5.480541706085205,2.144009828567505,0.02629407094558701,0.01107392311678268,0.45081305876374245,2.0588845312595367,0.0,138695.7604558126,3099.749828035949,25828864.0,0.005369797156228496,56.0,8.0,8,2,False,False,4,2,8,2,4,True
delayed_copy_length_scaling,refresh_hostile,23,delayed_copy,easy,summary_memory,216640,216640,exact_match,0.0,5.46914005279541,2.0967981815338135,0.03747408470138908,0.015060577992699109,0.28889666497707367,2.0559394359588623,0.0,152975.16663665063,3114.2438324657396,26996224.0,0.005666539388495614,88.0,12.0,8,2,False,False,4,2,8,2,4,True
delayed_copy_length_scaling,refresh_hostile,23,delayed_copy,easy,summary_memory,216640,216640,exact_match,0.0,5.648312568664551,2.0866918563842773,0.048540359206963334,0.019095860596280545,0.26270394399762154,2.046982526779175,0.0,160866.58075577434,3099.2513208737582,28796416.0,0.005586340354152904,120.0,16.0,8,2,False,False,4,2,8,2,4,True
delayed_copy_length_scaling,refresh_hostile,23,delayed_copy,easy,summary_memory,216640,216640,exact_match,0.0,5.190086364746094,2.057546377182007,0.05998575947596692,0.02326017100131139,0.21791507489979267,2.0443223118782043,0.0,165084.35122829484,3094.0009118887733,30596608.0,0.005395511529522973,152.0,20.0,8,2,False,False,4,2,8,2,4,True
delayed_copy_length_scaling,refresh_hostile,11,delayed_copy,easy,local_only,191680,191680,exact_match,0.0,5.675112724304199,2.1455986499786377,0.015558651816099882,0.007248328402056359,0.4691905565559864,2.070892423391342,0.0,211891.1311029446,6076.250336935893,24396288.0,0.008685384067565714,0.0,8.0,8,2,False,False,4,2,8,2,4,True
delayed_copy_length_scaling,refresh_hostile,11,delayed_copy,easy,local_only,191680,191680,exact_match,0.0,5.222938537597656,2.136057138442993,0.020744009889895096,0.00920851674163714,0.3135942965745926,2.045391470193863,0.0,250183.92878238545,6032.8680919266735,25582080.0,0.009779655476895759,0.0,12.0,8,2,False,False,4,2,8,2,4,True
delayed_copy_length_scaling,refresh_hostile,11,delayed_copy,easy,local_only,191680,191680,exact_match,0.0,5.53621244430542,2.1276934146881104,0.02613137737265788,0.011142049610498361,0.2721600793302059,2.0489856898784637,0.0,275695.36704086844,6108.572773016259,27382272.0,0.01006838903071551,0.0,16.0,8,2,False,False,4,2,8,2,4,True
delayed_copy_length_scaling,refresh_hostile,11,delayed_copy,easy,local_only,191680,191680,exact_match,0.0,5.313515663146973,2.1047706604003906,0.031696697906591,0.013159926995285787,0.21953720040619373,2.049177646636963,0.0,291780.07666257996,6059.5742219626945,29182464.0,0.00999847294123553,0.0,20.0,8,2,False,False,4,2,8,2,4,True
delayed_copy_length_scaling,refresh_hostile,17,delayed_copy,easy,local_only,191680,191680,exact_match,0.0052083334885537624,5.410056114196777,2.1332590579986572,0.015549778953427448,0.007239916987600736,0.4695390872657299,2.0497835874557495,0.0,212136.2401060202,6069.74334857379,24396288.0,0.008695431046969942,0.0,8.0,8,2,False,False,4,2,8,2,4,True
delayed_copy_length_scaling,refresh_hostile,17,delayed_copy,easy,local_only,191680,191680,exact_match,0.0,5.344874382019043,2.0876049995422363,0.020796537968562914,0.009198606247082353,0.2823512852191925,2.0509901642799377,0.0,250453.84574781827,6075.773041113879,25582080.0,0.00979020649407,0.0,12.0,8,2,False,False,4,2,8,2,4,True
delayed_copy_length_scaling,refresh_hostile,17,delayed_copy,easy,local_only,191680,191680,exact_match,0.0052083334885537624,5.437222957611084,2.089998245239258,0.02601370377233252,0.01113293127855286,0.26130858436226845,2.057770550251007,0.0,275921.18794906774,6108.9568186766555,27382272.0,0.010076636005553802,0.0,16.0,8,2,False,False,4,2,8,2,4,True
delayed_copy_length_scaling,refresh_hostile,17,delayed_copy,easy,local_only,191680,191680,exact_match,0.0,5.375642776489258,2.073288679122925,0.031670659268274906,0.013127641490427777,0.22879198379814625,2.0493422150611877,0.0,292497.88346825994,6089.741490277666,29182464.0,0.010023070137883488,0.0,20.0,8,2,False,False,4,2,8,2,4,True
delayed_copy_length_scaling,refresh_hostile,23,delayed_copy,easy,local_only,191680,191680,exact_match,0.0,5.237338066101074,2.151808500289917,0.015580790349049493,0.0072315254947170615,0.45978255569934845,2.0622414648532867,0.0,212383.82659232282,5772.861975277685,24396288.0,0.008705579578021165,0.0,8.0,8,2,False,False,4,2,8,2,4,True
delayed_copy_length_scaling,refresh_hostile,23,delayed_copy,easy,local_only,191680,191680,exact_match,0.0,5.7866621017456055,2.1344406604766846,0.020893445347901433,0.009222431865055114,0.330250583589077,2.0594136714935303,0.0,249807.73442584573,6034.428415169728,25582080.0,0.00976495009107335,0.0,12.0,8,2,False,False,4,2,8,2,4,True
delayed_copy_length_scaling,refresh_hostile,23,delayed_copy,easy,local_only,191680,191680,exact_match,0.0,5.365673542022705,2.109415054321289,0.026153214974328876,0.011162060865899548,0.26902367919683456,2.0582365691661835,0.0,275199.8936862785,6082.695255473376,27382272.0,0.010050294354182096,0.0,16.0,8,2,False,False,4,2,8,2,4,True
delayed_copy_length_scaling,refresh_hostile,23,delayed_copy,easy,local_only,191680,191680,exact_match,0.0,5.323675155639648,2.0973501205444336,0.031338574023684486,0.01320584784843959,0.2332237884402275,2.059305965900421,0.0,290765.8170168712,6030.701295163615,29182464.0,0.009963717149342535,0.0,20.0,8,2,False,False,4,2,8,2,4,True
delayed_copy_length_scaling,refresh_hostile,11,delayed_copy,easy,refresh_with_sufficiency,191680,191680,exact_match,0.0,5.75356388092041,2.1650640964508057,0.02330313722486608,0.010291357641108334,0.4350765235722065,2.045822873711586,0.03974395990371704,149242.1316173015,3435.411021046669,26216960.0,0.0056925795979892975,14.0,8.0,8,2,True,False,4,2,8,2,4,True
delayed_copy_length_scaling,refresh_hostile,11,delayed_copy,easy,refresh_with_sufficiency,191680,191680,exact_match,0.0,5.765283107757568,2.130690574645996,0.03322921582614072,0.01393308634578716,0.300091415643692,2.0436879694461823,0.03949600039049983,165353.78823785132,3447.4975378337836,27515392.0,0.00600950145423519,22.0,12.0,8,2,True,False,4,2,8,2,4,True
delayed_copy_length_scaling,refresh_hostile,11,delayed_copy,easy,refresh_with_sufficiency,191680,191680,exact_match,0.0,5.678889274597168,2.1214635372161865,0.042870971482479946,0.01753836673742626,0.2521615233272314,2.0466057509183884,0.025198607705533504,175152.0378996248,3442.7378028876547,29637120.0,0.005909887259613106,30.0,16.0,8,2,True,False,4,2,8,2,4,True
delayed_copy_length_scaling,refresh_hostile,11,delayed_copy,easy,refresh_with_sufficiency,191680,191680,exact_match,0.0,5.4074273109436035,2.115885019302368,0.053000105579849334,0.02133457036688924,0.2238337155431509,2.0488792955875397,0.029713493771851063,179983.6904950469,3429.574498477333,31758848.0,0.005667198334619912,38.0,20.0,8,2,True,False,4,2,8,2,4,True
delayed_copy_length_scaling,refresh_hostile,17,delayed_copy,easy,refresh_with_sufficiency,191680,191680,exact_match,0.0,5.429745197296143,2.115323543548584,0.02336965594207868,0.010237023263471201,0.5870810002088547,2.1200161278247833,0.0969194732606411,150033.52857768635,3453.1512884903354,26216960.0,0.0057227660483018,14.0,8.0,8,2,True,False,4,2,8,2,4,True
delayed_copy_length_scaling,refresh_hostile,17,delayed_copy,easy,refresh_with_sufficiency,191680,191680,exact_match,0.0,5.641806125640869,2.0828404426574707,0.033150197673821824,0.013938671487267129,0.2866286300122738,2.0334274768829346,0.04421258345246315,165287.51757536075,3442.963837621023,27515392.0,0.006007092960018914,22.0,12.0,8,2,True,False,4,2,8,2,4,True
delayed_copy_length_scaling,refresh_hostile,17,delayed_copy,easy,refresh_with_sufficiency,191680,191680,exact_match,0.0052083334885537624,5.483418941497803,2.0835609436035156,0.04289829456363805,0.01754574038204737,0.2710859328508377,2.059693783521652,0.046851235907524824,175078.35800983326,3449.3805441609907,29637120.0,0.005907401191810583,30.0,16.0,8,2,True,False,4,2,8,2,4,True
delayed_copy_length_scaling,refresh_hostile,17,delayed_copy,easy,refresh_with_sufficiency,191680,191680,exact_match,0.0052083334885537624,5.560906410217285,2.06227970123291,0.0530335271183867,0.021245679614366964,0.21011230163276196,2.0530003905296326,0.02665974502451718,180736.36514003333,3449.7582081602563,31758848.0,0.005690898018090371,38.0,20.0,8,2,True,False,4,2,8,2,4,True
delayed_copy_length_scaling,refresh_hostile,23,delayed_copy,easy,refresh_with_sufficiency,191680,191680,exact_match,0.0,5.455095291137695,2.1448161602020264,0.023359092592727393,0.010241927127935924,0.4319831281900406,2.0431603491306305,0.043179113417863846,149961.32535093988,3466.759275479014,26216960.0,0.005720011982737124,14.0,8.0,8,2,True,False,4,2,8,2,4,True
delayed_copy_length_scaling,refresh_hostile,23,delayed_copy,easy,refresh_with_sufficiency,191680,191680,exact_match,0.0,5.555520534515381,2.1176536083221436,0.03311277650180273,0.013916312367655337,0.3038669340312481,2.052183896303177,0.0397968371398747,165553.1780777086,3453.4716181917056,27515392.0,0.0060167479379435555,22.0,12.0,8,2,True,False,4,2,8,2,4,True
delayed_copy_length_scaling,refresh_hostile,23,delayed_copy,easy,refresh_with_sufficiency,191680,191680,exact_match,0.0,5.717185020446777,2.105029344558716,0.04303717702277936,0.01758193851856049,0.2621372900903225,2.049057215452194,0.028710811398923397,174717.81836974312,3440.0679572333465,29637120.0,0.005895236054304302,30.0,16.0,8,2,True,False,4,2,8,2,4,True
delayed_copy_length_scaling,refresh_hostile,23,delayed_copy,easy,refresh_with_sufficiency,191680,191680,exact_match,0.0,5.189526081085205,2.078321933746338,0.05303617525030859,0.02123963450139854,0.3145408257842064,2.1290909349918365,0.0597699717618525,180788.23040826054,3455.853094146932,31758848.0,0.005692531114738814,38.0,20.0,8,2,True,False,4,2,8,2,4,True
delayed_copy_length_scaling,refresh_hostile,11,delayed_copy,easy,refresh_with_detail,208450,208450,exact_match,0.04687500139698386,5.440640926361084,1.3946889638900757,0.03021307531744242,0.013357854244532064,0.3875206895172596,1.3423559367656708,0.058595098089426756,114982.72852614669,2398.8883554218623,27742208.0,0.004144685546519826,14.0,8.0,8,2,True,True,4,2,8,2,4,True
delayed_copy_length_scaling,refresh_hostile,11,delayed_copy,easy,refresh_with_detail,208450,208450,exact_match,0.0,5.503046989440918,1.8747808933258057,0.043544428494060414,0.018636133478139527,0.28678300231695175,1.7779178023338318,0.04452501283958554,123626.31725641854,2395.5530570296755,29328384.0,0.0042152447695863,22.0,12.0,8,2,True,True,4,2,8,2,4,True
delayed_copy_length_scaling,refresh_hostile,11,delayed_copy,easy,refresh_with_detail,208450,208450,exact_match,0.026041667442768812,5.69264554977417,1.7716368436813354,0.05653253251104615,0.02386274837772362,0.2570631578564644,1.623378723859787,0.046730718575417995,128732.51014398513,2402.9503434502994,31941632.0,0.004030242103596495,30.0,16.0,8,2,True,True,4,2,8,2,4,True
delayed_copy_length_scaling,refresh_hostile,11,delayed_copy,easy,refresh_with_detail,208450,208450,exact_match,0.10937500512227416,5.660205364227295,1.2955844402313232,0.07084466404514388,0.0291464149922831,0.22599986009299755,1.2547395080327988,0.03511819476261735,131745.31509180006,2396.6771660459362,34554880.0,0.0038126399250062526,38.0,20.0,8,2,True,True,4,2,8,2,4,True
delayed_copy_length_scaling,refresh_hostile,17,delayed_copy,easy,refresh_with_detail,208450,208450,exact_match,0.02083333395421505,5.438715934753418,1.7412093877792358,0.030104701238451527,0.013305038752150722,0.4069611728191376,1.672429621219635,0.05408285418525338,115438.76955342526,2407.3226769674043,27742208.0,0.004161124073232572,14.0,8.0,8,2,True,True,4,2,8,2,4,True
delayed_copy_length_scaling,refresh_hostile,17,delayed_copy,easy,refresh_with_detail,208450,208450,exact_match,0.13020833721384406,5.684005260467529,1.2909754514694214,0.04383307978161611,0.018636668115505017,0.2759844549000263,1.2462222874164581,0.05787589633837342,123622.89441914746,2407.5008915563585,29328384.0,0.00421512806226035,22.0,12.0,8,2,True,True,4,2,8,2,4,True
delayed_copy_length_scaling,refresh_hostile,17,delayed_copy,easy,refresh_with_detail,208450,208450,exact_match,0.03645833441987634,5.763943672180176,1.4759598970413208,0.057197802640730516,0.023855870254919864,0.25944170728325844,1.4875599890947342,0.04282982274889946,128769.49632811904,2403.6415190727444,31941632.0,0.004031400033915582,30.0,16.0,8,2,True,True,4,2,8,2,4,True
delayed_copy_length_scaling,refresh_hostile,17,delayed_copy,easy,refresh_with_detail,208450,208450,exact_match,0.25000001303851604,5.432591915130615,0.9870585799217224,0.07151262170518749,0.02917112485738471,0.2065421435981989,0.9732239544391632,0.019734184490516782,131634.05370928955,2397.1392502817043,34554880.0,0.0038094200792851704,38.0,20.0,8,2,True,True,4,2,8,2,4,True
delayed_copy_length_scaling,refresh_hostile,23,delayed_copy,easy,refresh_with_detail,208450,208450,exact_match,0.02083333395421505,5.5667195320129395,1.655463457107544,0.030161499117966742,0.013268614246044308,0.41951387375593185,1.5758880823850632,0.06341673340648413,115756.22965568492,2413.5067945311052,27742208.0,0.004172567290090425,14.0,8.0,8,2,True,True,4,2,8,2,4,True
delayed_copy_length_scaling,refresh_hostile,23,delayed_copy,easy,refresh_with_detail,208450,208450,exact_match,0.04166666744276881,5.587215900421143,1.5943461656570435,0.0436402002745308,0.018648333876626566,0.30733340606093407,1.4908181428909302,0.04921896103769541,123545.53145068497,2399.154301072324,29328384.0,0.004212490243263488,22.0,12.0,8,2,True,True,4,2,8,2,4,True
delayed_copy_length_scaling,refresh_hostile,23,delayed_copy,easy,refresh_with_detail,208450,208450,exact_match,0.4010416753590107,5.694360256195068,0.8455775380134583,0.05732814296614379,0.023860620392952114,0.23169736191630363,0.8156015500426292,0.03924867371097207,128743.96305179058,2401.989012673012,31941632.0,0.004030600660974072,30.0,16.0,8,2,True,True,4,2,8,2,4,True
delayed_copy_length_scaling,refresh_hostile,23,delayed_copy,easy,refresh_with_detail,208450,208450,exact_match,0.0052083334885537624,5.519215106964111,1.6587799787521362,0.07071945291827433,0.029043564383755438,0.20274673402309418,1.6292594522237778,0.03682620543986559,132211.73878962116,2405.5145581917686,34554880.0,0.003826137980789433,38.0,20.0,8,2,True,True,4,2,8,2,4,True
